{"distributeVerbatim": null, "providerLinkIds": [], "assetContents": [{"displayName": {"text": "ee_U01L01A03Q04A_en_img006_resized200W.png", "languageTypeId": "639-2%3AENG%40ISO", "formatTypeId": "TextFormats%3APLAIN%40okapia.net", "scriptTypeId": "15924%3ALATN%40ISO"}, "description": {"text": "", "languageTypeId": "639-2%3AENG%40ISO", "scriptTypeId": "15924%3ALATN%40ISO", "formatTypeId": "TextFormats%3APLAIN%40okapia.net"}, "recordTypeIds": [], "assignedRepositoryIds": ["repository.Repository%3A57e26c95b3fcec4c84a63f2f%40ODL.MIT.EDU"], "url": "webapps/CLIx/datastore/repository/AssetContent/57e26ca4b3fcec4c84a63fbe.png", "assetId": "repository.Asset%3A57e26ca4b3fcec4c84a63fbc%40ODL.MIT.EDU", "accessibilityTypeId": "NoneType%3ANONE%40dlkit.mit.edu", "genusTypeId": "asset-content-genus-type%3Apng%40iana.org", "_id": "57e26ca4b3fcec4c84a63fbe", "data": ""}], "copyrightRegistration": "", "brandingIds": [], "copyright": {"text": "", "languageTypeId": "639-2%3AENG%40ISO", "scriptTypeId": "15924%3ALATN%40ISO", "formatTypeId": "TextFormats%3APLAIN%40okapia.net"}, "assignedRepositoryIds": ["repository.Repository%3A57e26c95b3fcec4c84a63f2f%40ODL.MIT.EDU"], "principalCreditString": {"text": "", "languageTypeId": "639-2%3AENG%40ISO", "scriptTypeId": "15924%3ALATN%40ISO", "formatTypeId": "TextFormats%3APLAIN%40okapia.net"}, "distributeAlterations": null, "description": {"text": "QTI media file", "languageTypeId": "639-2%3AENG%40ISO", "scriptTypeId": "15924%3ALATN%40ISO", "formatTypeId": "TextFormats%3APLAIN%40okapia.net"}, "publishedDate": null, "distributeCompositions": null, "createdDate": null, "publicDomain": null, "displayName": {"text": "medium1052388493303578407ee_U01L01A03Q04A_en_img006.png", "languageTypeId": "639-2%3AENG%40ISO", "scriptTypeId": "15924%3ALATN%40ISO", "formatTypeId": "TextFormats%3APLAIN%40okapia.net"}, "recordTypeIds": [], "license": {"text": "", "languageTypeId": "639-2%3AENG%40ISO", "scriptTypeId": "15924%3ALATN%40ISO", "formatTypeId": "TextFormats%3APLAIN%40okapia.net"}, "sourceId": "", "title": {"text": "", "languageTypeId": "639-2%3AENG%40ISO", "scriptTypeId": "15924%3ALATN%40ISO", "formatTypeId": "TextFormats%3APLAIN%40okapia.net"}, "compositionId": "", "providerId": "", "published": null, "genusTypeId": "asset-genus-type%3Aimage%40ODL.MIT.EDU", "_id": "57e26ca4b3fcec4c84a63fbc"}