{"distributeVerbatim": null, "providerLinkIds": [], "assetContents": [{"displayName": {"text": "", "languageTypeId": "639-2%3AENG%40ISO", "scriptTypeId": "15924%3ALATN%40ISO", "formatTypeId": "TextFormats%3APLAIN%40okapia.net"}, "description": {"text": "", "languageTypeId": "639-2%3AENG%40ISO", "scriptTypeId": "15924%3ALATN%40ISO", "formatTypeId": "TextFormats%3APLAIN%40okapia.net"}, "recordTypeIds": [], "assignedRepositoryIds": ["repository.Repository%3A57e8ff6eb3fcec1309c4e3fa%40ODL.MIT.EDU"], "url": "webapps/CLIx/datastore/repository/AssetContent/57e8ff75b3fcec1309c4e45c.mp3", "assetId": "repository.Asset%3A57e8ff75b3fcec1309c4e45a%40ODL.MIT.EDU", "accessibilityTypeId": "NoneType%3ANONE%40dlkit.mit.edu", "genusTypeId": "asset-content-genus-type%3Amp3%40iana.org", "_id": "57e8ff75b3fcec1309c4e45c", "data": ""}, {"displayName": {"text": "ee_U01L05A04Q03B_en_aud0068.mp3", "languageTypeId": "639-2%3AENG%40ISO", "formatTypeId": "TextFormats%3APLAIN%40okapia.net", "scriptTypeId": "15924%3ALATN%40ISO"}, "description": {"text": "", "languageTypeId": "639-2%3AENG%40ISO", "scriptTypeId": "15924%3ALATN%40ISO", "formatTypeId": "TextFormats%3APLAIN%40okapia.net"}, "recordTypeIds": [], "assignedRepositoryIds": ["repository.Repository%3A57e8ff6eb3fcec1309c4e3fa%40ODL.MIT.EDU"], "url": "webapps/CLIx/datastore/repository/AssetContent/57fe8f97b3fcec148d8e33f8.mp3", "assetId": "repository.Asset%3A57e8ff75b3fcec1309c4e45a%40ODL.MIT.EDU", "accessibilityTypeId": "NoneType%3ANONE%40dlkit.mit.edu", "genusTypeId": "asset-content-genus-type%3Amp3%40iana.org", "_id": "57fe8f97b3fcec148d8e33f8", "data": ""}, {"displayName": {"text": "ee_U01L05A04Q03B_en_aud0068.mp3", "languageTypeId": "639-2%3AENG%40ISO", "formatTypeId": "TextFormats%3APLAIN%40okapia.net", "scriptTypeId": "15924%3ALATN%40ISO"}, "description": {"text": "", "languageTypeId": "639-2%3AENG%40ISO", "scriptTypeId": "15924%3ALATN%40ISO", "formatTypeId": "TextFormats%3APLAIN%40okapia.net"}, "recordTypeIds": [], "assignedRepositoryIds": ["repository.Repository%3A57e8ff6eb3fcec1309c4e3fa%40ODL.MIT.EDU"], "url": "webapps/CLIx/datastore/repository/AssetContent/57fe914eb3fcec148d8e3445.mp3", "assetId": "repository.Asset%3A57e8ff75b3fcec1309c4e45a%40ODL.MIT.EDU", "accessibilityTypeId": "NoneType%3ANONE%40dlkit.mit.edu", "genusTypeId": "asset-content-genus-type%3Amp3%40iana.org", "_id": "57fe914eb3fcec148d8e3445", "data": ""}, {"displayName": {"text": "ee_U01L05A04Q03B_en_aud0068.mp3", "languageTypeId": "639-2%3AENG%40ISO", "formatTypeId": "TextFormats%3APLAIN%40okapia.net", "scriptTypeId": "15924%3ALATN%40ISO"}, "description": {"text": "", "languageTypeId": "639-2%3AENG%40ISO", "scriptTypeId": "15924%3ALATN%40ISO", "formatTypeId": "TextFormats%3APLAIN%40okapia.net"}, "recordTypeIds": [], "assignedRepositoryIds": ["repository.Repository%3A57e8ff6eb3fcec1309c4e3fa%40ODL.MIT.EDU"], "url": "webapps/CLIx/datastore/repository/AssetContent/57fe91b1b3fcec148d8e3473.mp3", "assetId": "repository.Asset%3A57e8ff75b3fcec1309c4e45a%40ODL.MIT.EDU", "accessibilityTypeId": "NoneType%3ANONE%40dlkit.mit.edu", "genusTypeId": "asset-content-genus-type%3Amp3%40iana.org", "_id": "57fe91b1b3fcec148d8e3473", "data": ""}], "copyrightRegistration": "", "brandingIds": [], "copyright": {"text": "", "languageTypeId": "639-2%3AENG%40ISO", "formatTypeId": "TextFormats%3APLAIN%40okapia.net", "scriptTypeId": "15924%3ALATN%40ISO"}, "assignedRepositoryIds": ["repository.Repository%3A57e8ff6eb3fcec1309c4e3fa%40ODL.MIT.EDU"], "principalCreditString": {"text": "", "languageTypeId": "639-2%3AENG%40ISO", "formatTypeId": "TextFormats%3APLAIN%40okapia.net", "scriptTypeId": "15924%3ALATN%40ISO"}, "distributeAlterations": null, "description": {"text": "QTI media file", "languageTypeId": "639-2%3AENG%40ISO", "formatTypeId": "TextFormats%3APLAIN%40okapia.net", "scriptTypeId": "15924%3ALATN%40ISO"}, "publishedDate": null, "distributeCompositions": null, "createdDate": null, "publicDomain": null, "displayName": {"text": "ee_U01L05A04Q03B_en_aud0068.mp3", "languageTypeId": "639-2%3AENG%40ISO", "formatTypeId": "TextFormats%3APLAIN%40okapia.net", "scriptTypeId": "15924%3ALATN%40ISO"}, "recordTypeIds": [], "license": {"text": "", "languageTypeId": "639-2%3AENG%40ISO", "formatTypeId": "TextFormats%3APLAIN%40okapia.net", "scriptTypeId": "15924%3ALATN%40ISO"}, "sourceId": "", "title": {"text": "", "languageTypeId": "639-2%3AENG%40ISO", "formatTypeId": "TextFormats%3APLAIN%40okapia.net", "scriptTypeId": "15924%3ALATN%40ISO"}, "compositionId": "", "providerId": "", "published": null, "genusTypeId": "asset-genus-type%3Aimage%40ODL.MIT.EDU", "_id": "57e8ff75b3fcec1309c4e45a"}