{"distributeVerbatim": null, "providerLinkIds": [], "assetContents": [{"displayName": {"text": "", "languageTypeId": "639-2%3AENG%40ISO", "scriptTypeId": "15924%3ALATN%40ISO", "formatTypeId": "TextFormats%3APLAIN%40okapia.net"}, "description": {"text": "", "languageTypeId": "639-2%3AENG%40ISO", "scriptTypeId": "15924%3ALATN%40ISO", "formatTypeId": "TextFormats%3APLAIN%40okapia.net"}, "recordTypeIds": [], "assignedRepositoryIds": ["repository.Repository%3A57e8fb08b3fcec1309c4e0ee%40ODL.MIT.EDU"], "url": "webapps/CLIx/datastore/repository/AssetContent/57e8fb09b3fcec1309c4e102.mp3", "assetId": "repository.Asset%3A57e8fb09b3fcec1309c4e100%40ODL.MIT.EDU", "accessibilityTypeId": "NoneType%3ANONE%40dlkit.mit.edu", "genusTypeId": "asset-content-genus-type%3Amp3%40iana.org", "_id": "57e8fb09b3fcec1309c4e102", "data": ""}, {"displayName": {"text": "ee_U01L04A04Q01_en_aud0003.mp3", "languageTypeId": "639-2%3AENG%40ISO", "formatTypeId": "TextFormats%3APLAIN%40okapia.net", "scriptTypeId": "15924%3ALATN%40ISO"}, "description": {"text": "", "languageTypeId": "639-2%3AENG%40ISO", "scriptTypeId": "15924%3ALATN%40ISO", "formatTypeId": "TextFormats%3APLAIN%40okapia.net"}, "recordTypeIds": [], "assignedRepositoryIds": ["repository.Repository%3A57e8fb08b3fcec1309c4e0ee%40ODL.MIT.EDU"], "url": "webapps/CLIx/datastore/repository/AssetContent/57fcebbdb3fcec7e0a202ae6.mp3", "assetId": "repository.Asset%3A57e8fb09b3fcec1309c4e100%40ODL.MIT.EDU", "accessibilityTypeId": "NoneType%3ANONE%40dlkit.mit.edu", "genusTypeId": "asset-content-genus-type%3Amp3%40iana.org", "_id": "57fcebbdb3fcec7e0a202ae6", "data": ""}, {"displayName": {"text": "ee_U01L04A04Q01_en_aud0003.mp3", "languageTypeId": "639-2%3AENG%40ISO", "formatTypeId": "TextFormats%3APLAIN%40okapia.net", "scriptTypeId": "15924%3ALATN%40ISO"}, "description": {"text": "", "languageTypeId": "639-2%3AENG%40ISO", "scriptTypeId": "15924%3ALATN%40ISO", "formatTypeId": "TextFormats%3APLAIN%40okapia.net"}, "recordTypeIds": [], "assignedRepositoryIds": ["repository.Repository%3A57e8fb08b3fcec1309c4e0ee%40ODL.MIT.EDU"], "url": "webapps/CLIx/datastore/repository/AssetContent/57fe7a69b3fcec148d8e31a7.mp3", "assetId": "repository.Asset%3A57e8fb09b3fcec1309c4e100%40ODL.MIT.EDU", "accessibilityTypeId": "NoneType%3ANONE%40dlkit.mit.edu", "genusTypeId": "asset-content-genus-type%3Amp3%40iana.org", "_id": "57fe7a69b3fcec148d8e31a7", "data": ""}, {"displayName": {"text": "ee_U01L04A04Q01_en_aud0003.mp3", "languageTypeId": "639-2%3AENG%40ISO", "formatTypeId": "TextFormats%3APLAIN%40okapia.net", "scriptTypeId": "15924%3ALATN%40ISO"}, "description": {"text": "", "languageTypeId": "639-2%3AENG%40ISO", "scriptTypeId": "15924%3ALATN%40ISO", "formatTypeId": "TextFormats%3APLAIN%40okapia.net"}, "recordTypeIds": [], "assignedRepositoryIds": ["repository.Repository%3A57e8fb08b3fcec1309c4e0ee%40ODL.MIT.EDU"], "url": "webapps/CLIx/datastore/repository/AssetContent/57fe7b2eb3fcec148d8e321b.mp3", "assetId": "repository.Asset%3A57e8fb09b3fcec1309c4e100%40ODL.MIT.EDU", "accessibilityTypeId": "NoneType%3ANONE%40dlkit.mit.edu", "genusTypeId": "asset-content-genus-type%3Amp3%40iana.org", "_id": "57fe7b2eb3fcec148d8e321b", "data": ""}, {"displayName": {"text": "ee_U01L04A04Q01_en_aud0003.mp3", "languageTypeId": "639-2%3AENG%40ISO", "formatTypeId": "TextFormats%3APLAIN%40okapia.net", "scriptTypeId": "15924%3ALATN%40ISO"}, "description": {"text": "", "languageTypeId": "639-2%3AENG%40ISO", "scriptTypeId": "15924%3ALATN%40ISO", "formatTypeId": "TextFormats%3APLAIN%40okapia.net"}, "recordTypeIds": [], "assignedRepositoryIds": ["repository.Repository%3A57e8fb08b3fcec1309c4e0ee%40ODL.MIT.EDU"], "url": "webapps/CLIx/datastore/repository/AssetContent/57fe7d85b3fcec148d8e32a6.mp3", "assetId": "repository.Asset%3A57e8fb09b3fcec1309c4e100%40ODL.MIT.EDU", "accessibilityTypeId": "NoneType%3ANONE%40dlkit.mit.edu", "genusTypeId": "asset-content-genus-type%3Amp3%40iana.org", "_id": "57fe7d85b3fcec148d8e32a6", "data": ""}, {"displayName": {"text": "ee_U01L04A04Q01_en_aud0003.mp3", "languageTypeId": "639-2%3AENG%40ISO", "formatTypeId": "TextFormats%3APLAIN%40okapia.net", "scriptTypeId": "15924%3ALATN%40ISO"}, "description": {"text": "", "languageTypeId": "639-2%3AENG%40ISO", "scriptTypeId": "15924%3ALATN%40ISO", "formatTypeId": "TextFormats%3APLAIN%40okapia.net"}, "recordTypeIds": [], "assignedRepositoryIds": ["repository.Repository%3A57e8fb08b3fcec1309c4e0ee%40ODL.MIT.EDU"], "url": "webapps/CLIx/datastore/repository/AssetContent/57fe7f3bb3fcec148d8e32e3.mp3", "assetId": "repository.Asset%3A57e8fb09b3fcec1309c4e100%40ODL.MIT.EDU", "accessibilityTypeId": "NoneType%3ANONE%40dlkit.mit.edu", "genusTypeId": "asset-content-genus-type%3Amp3%40iana.org", "_id": "57fe7f3bb3fcec148d8e32e3", "data": ""}, {"displayName": {"text": "ee_U01L04A04Q01_en_aud0003.mp3", "languageTypeId": "639-2%3AENG%40ISO", "formatTypeId": "TextFormats%3APLAIN%40okapia.net", "scriptTypeId": "15924%3ALATN%40ISO"}, "description": {"text": "", "languageTypeId": "639-2%3AENG%40ISO", "scriptTypeId": "15924%3ALATN%40ISO", "formatTypeId": "TextFormats%3APLAIN%40okapia.net"}, "recordTypeIds": [], "assignedRepositoryIds": ["repository.Repository%3A57e8fb08b3fcec1309c4e0ee%40ODL.MIT.EDU"], "url": "webapps/CLIx/datastore/repository/AssetContent/57ff2f47b3fcec148d8e3a6d.mp3", "assetId": "repository.Asset%3A57e8fb09b3fcec1309c4e100%40ODL.MIT.EDU", "accessibilityTypeId": "NoneType%3ANONE%40dlkit.mit.edu", "genusTypeId": "asset-content-genus-type%3Amp3%40iana.org", "_id": "57ff2f47b3fcec148d8e3a6d", "data": ""}, {"displayName": {"text": "ee_U01L04A04Q01_en_aud0003.mp3", "languageTypeId": "639-2%3AENG%40ISO", "formatTypeId": "TextFormats%3APLAIN%40okapia.net", "scriptTypeId": "15924%3ALATN%40ISO"}, "description": {"text": "", "languageTypeId": "639-2%3AENG%40ISO", "scriptTypeId": "15924%3ALATN%40ISO", "formatTypeId": "TextFormats%3APLAIN%40okapia.net"}, "recordTypeIds": [], "assignedRepositoryIds": ["repository.Repository%3A57e8fb08b3fcec1309c4e0ee%40ODL.MIT.EDU"], "url": "webapps/CLIx/datastore/repository/AssetContent/57ffe5e6b3fcec148d8e486f.mp3", "assetId": "repository.Asset%3A57e8fb09b3fcec1309c4e100%40ODL.MIT.EDU", "accessibilityTypeId": "NoneType%3ANONE%40dlkit.mit.edu", "genusTypeId": "asset-content-genus-type%3Amp3%40iana.org", "_id": "57ffe5e6b3fcec148d8e486f", "data": ""}, {"displayName": {"text": "ee_U01L04A04Q01_en_aud0003.mp3", "languageTypeId": "639-2%3AENG%40ISO", "formatTypeId": "TextFormats%3APLAIN%40okapia.net", "scriptTypeId": "15924%3ALATN%40ISO"}, "description": {"text": "", "languageTypeId": "639-2%3AENG%40ISO", "scriptTypeId": "15924%3ALATN%40ISO", "formatTypeId": "TextFormats%3APLAIN%40okapia.net"}, "recordTypeIds": [], "assignedRepositoryIds": ["repository.Repository%3A57e8fb08b3fcec1309c4e0ee%40ODL.MIT.EDU"], "url": "webapps/CLIx/datastore/repository/AssetContent/57ffe9edb3fcec148d8e4a48.mp3", "assetId": "repository.Asset%3A57e8fb09b3fcec1309c4e100%40ODL.MIT.EDU", "accessibilityTypeId": "NoneType%3ANONE%40dlkit.mit.edu", "genusTypeId": "asset-content-genus-type%3Amp3%40iana.org", "_id": "57ffe9edb3fcec148d8e4a48", "data": ""}, {"displayName": {"text": "ee_U01L04A04Q01_en_aud0003.mp3", "languageTypeId": "639-2%3AENG%40ISO", "formatTypeId": "TextFormats%3APLAIN%40okapia.net", "scriptTypeId": "15924%3ALATN%40ISO"}, "description": {"text": "", "languageTypeId": "639-2%3AENG%40ISO", "scriptTypeId": "15924%3ALATN%40ISO", "formatTypeId": "TextFormats%3APLAIN%40okapia.net"}, "recordTypeIds": [], "assignedRepositoryIds": ["repository.Repository%3A57e8fb08b3fcec1309c4e0ee%40ODL.MIT.EDU"], "url": "webapps/CLIx/datastore/repository/AssetContent/57ffeb74b3fcec148d8e4ad1.mp3", "assetId": "repository.Asset%3A57e8fb09b3fcec1309c4e100%40ODL.MIT.EDU", "accessibilityTypeId": "NoneType%3ANONE%40dlkit.mit.edu", "genusTypeId": "asset-content-genus-type%3Amp3%40iana.org", "_id": "57ffeb74b3fcec148d8e4ad1", "data": ""}], "copyrightRegistration": "", "brandingIds": [], "copyright": {"text": "", "languageTypeId": "639-2%3AENG%40ISO", "formatTypeId": "TextFormats%3APLAIN%40okapia.net", "scriptTypeId": "15924%3ALATN%40ISO"}, "assignedRepositoryIds": ["repository.Repository%3A57e8fb08b3fcec1309c4e0ee%40ODL.MIT.EDU"], "principalCreditString": {"text": "", "languageTypeId": "639-2%3AENG%40ISO", "formatTypeId": "TextFormats%3APLAIN%40okapia.net", "scriptTypeId": "15924%3ALATN%40ISO"}, "distributeAlterations": null, "description": {"text": "QTI media file", "languageTypeId": "639-2%3AENG%40ISO", "formatTypeId": "TextFormats%3APLAIN%40okapia.net", "scriptTypeId": "15924%3ALATN%40ISO"}, "publishedDate": null, "distributeCompositions": null, "createdDate": null, "publicDomain": null, "displayName": {"text": "ee_U01L04A04Q01_en_aud0003.mp3", "languageTypeId": "639-2%3AENG%40ISO", "formatTypeId": "TextFormats%3APLAIN%40okapia.net", "scriptTypeId": "15924%3ALATN%40ISO"}, "recordTypeIds": [], "license": {"text": "", "languageTypeId": "639-2%3AENG%40ISO", "formatTypeId": "TextFormats%3APLAIN%40okapia.net", "scriptTypeId": "15924%3ALATN%40ISO"}, "sourceId": "", "title": {"text": "", "languageTypeId": "639-2%3AENG%40ISO", "formatTypeId": "TextFormats%3APLAIN%40okapia.net", "scriptTypeId": "15924%3ALATN%40ISO"}, "compositionId": "", "providerId": "", "published": null, "genusTypeId": "asset-genus-type%3Aimage%40ODL.MIT.EDU", "_id": "57e8fb09b3fcec1309c4e100"}