{"distributeVerbatim": null, "providerLinkIds": [], "assetContents": [{"displayName": {"text": "", "languageTypeId": "639-2%3AENG%40ISO", "scriptTypeId": "15924%3ALATN%40ISO", "formatTypeId": "TextFormats%3APLAIN%40okapia.net"}, "description": {"text": "", "languageTypeId": "639-2%3AENG%40ISO", "scriptTypeId": "15924%3ALATN%40ISO", "formatTypeId": "TextFormats%3APLAIN%40okapia.net"}, "recordTypeIds": [], "assignedRepositoryIds": ["repository.Repository%3A57e8fb08b3fcec1309c4e0ee%40ODL.MIT.EDU"], "url": "webapps/CLIx/datastore/repository/AssetContent/57e8fb09b3fcec1309c4e10b.mp3", "assetId": "repository.Asset%3A57e8fb09b3fcec1309c4e109%40ODL.MIT.EDU", "accessibilityTypeId": "NoneType%3ANONE%40dlkit.mit.edu", "genusTypeId": "asset-content-genus-type%3Amp3%40iana.org", "_id": "57e8fb09b3fcec1309c4e10b", "data": ""}, {"displayName": {"text": "ee_U01L04A04Q01C_en_aud0006.mp3", "languageTypeId": "639-2%3AENG%40ISO", "formatTypeId": "TextFormats%3APLAIN%40okapia.net", "scriptTypeId": "15924%3ALATN%40ISO"}, "description": {"text": "", "languageTypeId": "639-2%3AENG%40ISO", "scriptTypeId": "15924%3ALATN%40ISO", "formatTypeId": "TextFormats%3APLAIN%40okapia.net"}, "recordTypeIds": [], "assignedRepositoryIds": ["repository.Repository%3A57e8fb08b3fcec1309c4e0ee%40ODL.MIT.EDU"], "url": "webapps/CLIx/datastore/repository/AssetContent/57fcebc1b3fcec7e0a202aec.mp3", "assetId": "repository.Asset%3A57e8fb09b3fcec1309c4e109%40ODL.MIT.EDU", "accessibilityTypeId": "NoneType%3ANONE%40dlkit.mit.edu", "genusTypeId": "asset-content-genus-type%3Amp3%40iana.org", "_id": "57fcebc1b3fcec7e0a202aec", "data": ""}, {"displayName": {"text": "ee_U01L04A04Q01C_en_aud0006.mp3", "languageTypeId": "639-2%3AENG%40ISO", "formatTypeId": "TextFormats%3APLAIN%40okapia.net", "scriptTypeId": "15924%3ALATN%40ISO"}, "description": {"text": "", "languageTypeId": "639-2%3AENG%40ISO", "scriptTypeId": "15924%3ALATN%40ISO", "formatTypeId": "TextFormats%3APLAIN%40okapia.net"}, "recordTypeIds": [], "assignedRepositoryIds": ["repository.Repository%3A57e8fb08b3fcec1309c4e0ee%40ODL.MIT.EDU"], "url": "webapps/CLIx/datastore/repository/AssetContent/57fe7a6eb3fcec148d8e31ad.mp3", "assetId": "repository.Asset%3A57e8fb09b3fcec1309c4e109%40ODL.MIT.EDU", "accessibilityTypeId": "NoneType%3ANONE%40dlkit.mit.edu", "genusTypeId": "asset-content-genus-type%3Amp3%40iana.org", "_id": "57fe7a6eb3fcec148d8e31ad", "data": ""}, {"displayName": {"text": "ee_U01L04A04Q01C_en_aud0006.mp3", "languageTypeId": "639-2%3AENG%40ISO", "formatTypeId": "TextFormats%3APLAIN%40okapia.net", "scriptTypeId": "15924%3ALATN%40ISO"}, "description": {"text": "", "languageTypeId": "639-2%3AENG%40ISO", "scriptTypeId": "15924%3ALATN%40ISO", "formatTypeId": "TextFormats%3APLAIN%40okapia.net"}, "recordTypeIds": [], "assignedRepositoryIds": ["repository.Repository%3A57e8fb08b3fcec1309c4e0ee%40ODL.MIT.EDU"], "url": "webapps/CLIx/datastore/repository/AssetContent/57fe7b33b3fcec148d8e3225.mp3", "assetId": "repository.Asset%3A57e8fb09b3fcec1309c4e109%40ODL.MIT.EDU", "accessibilityTypeId": "NoneType%3ANONE%40dlkit.mit.edu", "genusTypeId": "asset-content-genus-type%3Amp3%40iana.org", "_id": "57fe7b33b3fcec148d8e3225", "data": ""}, {"displayName": {"text": "ee_U01L04A04Q01C_en_aud0006.mp3", "languageTypeId": "639-2%3AENG%40ISO", "formatTypeId": "TextFormats%3APLAIN%40okapia.net", "scriptTypeId": "15924%3ALATN%40ISO"}, "description": {"text": "", "languageTypeId": "639-2%3AENG%40ISO", "scriptTypeId": "15924%3ALATN%40ISO", "formatTypeId": "TextFormats%3APLAIN%40okapia.net"}, "recordTypeIds": [], "assignedRepositoryIds": ["repository.Repository%3A57e8fb08b3fcec1309c4e0ee%40ODL.MIT.EDU"], "url": "webapps/CLIx/datastore/repository/AssetContent/57fe7d8ab3fcec148d8e32ac.mp3", "assetId": "repository.Asset%3A57e8fb09b3fcec1309c4e109%40ODL.MIT.EDU", "accessibilityTypeId": "NoneType%3ANONE%40dlkit.mit.edu", "genusTypeId": "asset-content-genus-type%3Amp3%40iana.org", "_id": "57fe7d8ab3fcec148d8e32ac", "data": ""}, {"displayName": {"text": "ee_U01L04A04Q01C_en_aud0006.mp3", "languageTypeId": "639-2%3AENG%40ISO", "formatTypeId": "TextFormats%3APLAIN%40okapia.net", "scriptTypeId": "15924%3ALATN%40ISO"}, "description": {"text": "", "languageTypeId": "639-2%3AENG%40ISO", "scriptTypeId": "15924%3ALATN%40ISO", "formatTypeId": "TextFormats%3APLAIN%40okapia.net"}, "recordTypeIds": [], "assignedRepositoryIds": ["repository.Repository%3A57e8fb08b3fcec1309c4e0ee%40ODL.MIT.EDU"], "url": "webapps/CLIx/datastore/repository/AssetContent/57fe7f40b3fcec148d8e32e9.mp3", "assetId": "repository.Asset%3A57e8fb09b3fcec1309c4e109%40ODL.MIT.EDU", "accessibilityTypeId": "NoneType%3ANONE%40dlkit.mit.edu", "genusTypeId": "asset-content-genus-type%3Amp3%40iana.org", "_id": "57fe7f40b3fcec148d8e32e9", "data": ""}, {"displayName": {"text": "ee_U01L04A04Q01C_en_aud0006.mp3", "languageTypeId": "639-2%3AENG%40ISO", "formatTypeId": "TextFormats%3APLAIN%40okapia.net", "scriptTypeId": "15924%3ALATN%40ISO"}, "description": {"text": "", "languageTypeId": "639-2%3AENG%40ISO", "scriptTypeId": "15924%3ALATN%40ISO", "formatTypeId": "TextFormats%3APLAIN%40okapia.net"}, "recordTypeIds": [], "assignedRepositoryIds": ["repository.Repository%3A57e8fb08b3fcec1309c4e0ee%40ODL.MIT.EDU"], "url": "webapps/CLIx/datastore/repository/AssetContent/57ff2f48b3fcec148d8e3a73.mp3", "assetId": "repository.Asset%3A57e8fb09b3fcec1309c4e109%40ODL.MIT.EDU", "accessibilityTypeId": "NoneType%3ANONE%40dlkit.mit.edu", "genusTypeId": "asset-content-genus-type%3Amp3%40iana.org", "_id": "57ff2f48b3fcec148d8e3a73", "data": ""}, {"displayName": {"text": "ee_U01L04A04Q01C_en_aud0006.mp3", "languageTypeId": "639-2%3AENG%40ISO", "formatTypeId": "TextFormats%3APLAIN%40okapia.net", "scriptTypeId": "15924%3ALATN%40ISO"}, "description": {"text": "", "languageTypeId": "639-2%3AENG%40ISO", "scriptTypeId": "15924%3ALATN%40ISO", "formatTypeId": "TextFormats%3APLAIN%40okapia.net"}, "recordTypeIds": [], "assignedRepositoryIds": ["repository.Repository%3A57e8fb08b3fcec1309c4e0ee%40ODL.MIT.EDU"], "url": "webapps/CLIx/datastore/repository/AssetContent/57ffe5efb3fcec148d8e4878.mp3", "assetId": "repository.Asset%3A57e8fb09b3fcec1309c4e109%40ODL.MIT.EDU", "accessibilityTypeId": "NoneType%3ANONE%40dlkit.mit.edu", "genusTypeId": "asset-content-genus-type%3Amp3%40iana.org", "_id": "57ffe5efb3fcec148d8e4878", "data": ""}, {"displayName": {"text": "ee_U01L04A04Q01C_en_aud0006.mp3", "languageTypeId": "639-2%3AENG%40ISO", "formatTypeId": "TextFormats%3APLAIN%40okapia.net", "scriptTypeId": "15924%3ALATN%40ISO"}, "description": {"text": "", "languageTypeId": "639-2%3AENG%40ISO", "scriptTypeId": "15924%3ALATN%40ISO", "formatTypeId": "TextFormats%3APLAIN%40okapia.net"}, "recordTypeIds": [], "assignedRepositoryIds": ["repository.Repository%3A57e8fb08b3fcec1309c4e0ee%40ODL.MIT.EDU"], "url": "webapps/CLIx/datastore/repository/AssetContent/57ffe9f7b3fcec148d8e4a4e.mp3", "assetId": "repository.Asset%3A57e8fb09b3fcec1309c4e109%40ODL.MIT.EDU", "accessibilityTypeId": "NoneType%3ANONE%40dlkit.mit.edu", "genusTypeId": "asset-content-genus-type%3Amp3%40iana.org", "_id": "57ffe9f7b3fcec148d8e4a4e", "data": ""}, {"displayName": {"text": "ee_U01L04A04Q01C_en_aud0006.mp3", "languageTypeId": "639-2%3AENG%40ISO", "formatTypeId": "TextFormats%3APLAIN%40okapia.net", "scriptTypeId": "15924%3ALATN%40ISO"}, "description": {"text": "", "languageTypeId": "639-2%3AENG%40ISO", "scriptTypeId": "15924%3ALATN%40ISO", "formatTypeId": "TextFormats%3APLAIN%40okapia.net"}, "recordTypeIds": [], "assignedRepositoryIds": ["repository.Repository%3A57e8fb08b3fcec1309c4e0ee%40ODL.MIT.EDU"], "url": "webapps/CLIx/datastore/repository/AssetContent/57ffeb80b3fcec148d8e4ad7.mp3", "assetId": "repository.Asset%3A57e8fb09b3fcec1309c4e109%40ODL.MIT.EDU", "accessibilityTypeId": "NoneType%3ANONE%40dlkit.mit.edu", "genusTypeId": "asset-content-genus-type%3Amp3%40iana.org", "_id": "57ffeb80b3fcec148d8e4ad7", "data": ""}], "copyrightRegistration": "", "brandingIds": [], "copyright": {"text": "", "languageTypeId": "639-2%3AENG%40ISO", "formatTypeId": "TextFormats%3APLAIN%40okapia.net", "scriptTypeId": "15924%3ALATN%40ISO"}, "assignedRepositoryIds": ["repository.Repository%3A57e8fb08b3fcec1309c4e0ee%40ODL.MIT.EDU"], "principalCreditString": {"text": "", "languageTypeId": "639-2%3AENG%40ISO", "formatTypeId": "TextFormats%3APLAIN%40okapia.net", "scriptTypeId": "15924%3ALATN%40ISO"}, "distributeAlterations": null, "description": {"text": "QTI media file", "languageTypeId": "639-2%3AENG%40ISO", "formatTypeId": "TextFormats%3APLAIN%40okapia.net", "scriptTypeId": "15924%3ALATN%40ISO"}, "publishedDate": null, "distributeCompositions": null, "createdDate": null, "publicDomain": null, "displayName": {"text": "ee_U01L04A04Q01C_en_aud0006.mp3", "languageTypeId": "639-2%3AENG%40ISO", "formatTypeId": "TextFormats%3APLAIN%40okapia.net", "scriptTypeId": "15924%3ALATN%40ISO"}, "recordTypeIds": [], "license": {"text": "", "languageTypeId": "639-2%3AENG%40ISO", "formatTypeId": "TextFormats%3APLAIN%40okapia.net", "scriptTypeId": "15924%3ALATN%40ISO"}, "sourceId": "", "title": {"text": "", "languageTypeId": "639-2%3AENG%40ISO", "formatTypeId": "TextFormats%3APLAIN%40okapia.net", "scriptTypeId": "15924%3ALATN%40ISO"}, "compositionId": "", "providerId": "", "published": null, "genusTypeId": "asset-genus-type%3Aimage%40ODL.MIT.EDU", "_id": "57e8fb09b3fcec1309c4e109"}