{"distributeVerbatim": null, "providerLinkIds": [], "assetContents": [{"displayName": {"text": "", "languageTypeId": "639-2%3AENG%40ISO", "scriptTypeId": "15924%3ALATN%40ISO", "formatTypeId": "TextFormats%3APLAIN%40okapia.net"}, "description": {"text": "", "languageTypeId": "639-2%3AENG%40ISO", "scriptTypeId": "15924%3ALATN%40ISO", "formatTypeId": "TextFormats%3APLAIN%40okapia.net"}, "recordTypeIds": [], "assignedRepositoryIds": ["repository.Repository%3A57e8fb08b3fcec1309c4e0ee%40ODL.MIT.EDU"], "url": "webapps/CLIx/datastore/repository/AssetContent/57e8fb09b3fcec1309c4e10e.mp3", "assetId": "repository.Asset%3A57e8fb09b3fcec1309c4e10c%40ODL.MIT.EDU", "accessibilityTypeId": "NoneType%3ANONE%40dlkit.mit.edu", "genusTypeId": "asset-content-genus-type%3Amp3%40iana.org", "_id": "57e8fb09b3fcec1309c4e10e", "data": ""}, {"displayName": {"text": "ee_U01L04A04Q01D_en_aud0007.mp3", "languageTypeId": "639-2%3AENG%40ISO", "formatTypeId": "TextFormats%3APLAIN%40okapia.net", "scriptTypeId": "15924%3ALATN%40ISO"}, "description": {"text": "", "languageTypeId": "639-2%3AENG%40ISO", "scriptTypeId": "15924%3ALATN%40ISO", "formatTypeId": "TextFormats%3APLAIN%40okapia.net"}, "recordTypeIds": [], "assignedRepositoryIds": ["repository.Repository%3A57e8fb08b3fcec1309c4e0ee%40ODL.MIT.EDU"], "url": "webapps/CLIx/datastore/repository/AssetContent/57fcebc2b3fcec7e0a202aee.mp3", "assetId": "repository.Asset%3A57e8fb09b3fcec1309c4e10c%40ODL.MIT.EDU", "accessibilityTypeId": "NoneType%3ANONE%40dlkit.mit.edu", "genusTypeId": "asset-content-genus-type%3Amp3%40iana.org", "_id": "57fcebc2b3fcec7e0a202aee", "data": ""}, {"displayName": {"text": "ee_U01L04A04Q01D_en_aud0007.mp3", "languageTypeId": "639-2%3AENG%40ISO", "formatTypeId": "TextFormats%3APLAIN%40okapia.net", "scriptTypeId": "15924%3ALATN%40ISO"}, "description": {"text": "", "languageTypeId": "639-2%3AENG%40ISO", "scriptTypeId": "15924%3ALATN%40ISO", "formatTypeId": "TextFormats%3APLAIN%40okapia.net"}, "recordTypeIds": [], "assignedRepositoryIds": ["repository.Repository%3A57e8fb08b3fcec1309c4e0ee%40ODL.MIT.EDU"], "url": "webapps/CLIx/datastore/repository/AssetContent/57fe7a6fb3fcec148d8e31af.mp3", "assetId": "repository.Asset%3A57e8fb09b3fcec1309c4e10c%40ODL.MIT.EDU", "accessibilityTypeId": "NoneType%3ANONE%40dlkit.mit.edu", "genusTypeId": "asset-content-genus-type%3Amp3%40iana.org", "_id": "57fe7a6fb3fcec148d8e31af", "data": ""}, {"displayName": {"text": "ee_U01L04A04Q01D_en_aud0007.mp3", "languageTypeId": "639-2%3AENG%40ISO", "formatTypeId": "TextFormats%3APLAIN%40okapia.net", "scriptTypeId": "15924%3ALATN%40ISO"}, "description": {"text": "", "languageTypeId": "639-2%3AENG%40ISO", "scriptTypeId": "15924%3ALATN%40ISO", "formatTypeId": "TextFormats%3APLAIN%40okapia.net"}, "recordTypeIds": [], "assignedRepositoryIds": ["repository.Repository%3A57e8fb08b3fcec1309c4e0ee%40ODL.MIT.EDU"], "url": "webapps/CLIx/datastore/repository/AssetContent/57fe7b35b3fcec148d8e3227.mp3", "assetId": "repository.Asset%3A57e8fb09b3fcec1309c4e10c%40ODL.MIT.EDU", "accessibilityTypeId": "NoneType%3ANONE%40dlkit.mit.edu", "genusTypeId": "asset-content-genus-type%3Amp3%40iana.org", "_id": "57fe7b35b3fcec148d8e3227", "data": ""}, {"displayName": {"text": "ee_U01L04A04Q01D_en_aud0007.mp3", "languageTypeId": "639-2%3AENG%40ISO", "formatTypeId": "TextFormats%3APLAIN%40okapia.net", "scriptTypeId": "15924%3ALATN%40ISO"}, "description": {"text": "", "languageTypeId": "639-2%3AENG%40ISO", "scriptTypeId": "15924%3ALATN%40ISO", "formatTypeId": "TextFormats%3APLAIN%40okapia.net"}, "recordTypeIds": [], "assignedRepositoryIds": ["repository.Repository%3A57e8fb08b3fcec1309c4e0ee%40ODL.MIT.EDU"], "url": "webapps/CLIx/datastore/repository/AssetContent/57fe7d8bb3fcec148d8e32ae.mp3", "assetId": "repository.Asset%3A57e8fb09b3fcec1309c4e10c%40ODL.MIT.EDU", "accessibilityTypeId": "NoneType%3ANONE%40dlkit.mit.edu", "genusTypeId": "asset-content-genus-type%3Amp3%40iana.org", "_id": "57fe7d8bb3fcec148d8e32ae", "data": ""}, {"displayName": {"text": "ee_U01L04A04Q01D_en_aud0007.mp3", "languageTypeId": "639-2%3AENG%40ISO", "formatTypeId": "TextFormats%3APLAIN%40okapia.net", "scriptTypeId": "15924%3ALATN%40ISO"}, "description": {"text": "", "languageTypeId": "639-2%3AENG%40ISO", "scriptTypeId": "15924%3ALATN%40ISO", "formatTypeId": "TextFormats%3APLAIN%40okapia.net"}, "recordTypeIds": [], "assignedRepositoryIds": ["repository.Repository%3A57e8fb08b3fcec1309c4e0ee%40ODL.MIT.EDU"], "url": "webapps/CLIx/datastore/repository/AssetContent/57fe7f42b3fcec148d8e32eb.mp3", "assetId": "repository.Asset%3A57e8fb09b3fcec1309c4e10c%40ODL.MIT.EDU", "accessibilityTypeId": "NoneType%3ANONE%40dlkit.mit.edu", "genusTypeId": "asset-content-genus-type%3Amp3%40iana.org", "_id": "57fe7f42b3fcec148d8e32eb", "data": ""}, {"displayName": {"text": "ee_U01L04A04Q01D_en_aud0007.mp3", "languageTypeId": "639-2%3AENG%40ISO", "formatTypeId": "TextFormats%3APLAIN%40okapia.net", "scriptTypeId": "15924%3ALATN%40ISO"}, "description": {"text": "", "languageTypeId": "639-2%3AENG%40ISO", "scriptTypeId": "15924%3ALATN%40ISO", "formatTypeId": "TextFormats%3APLAIN%40okapia.net"}, "recordTypeIds": [], "assignedRepositoryIds": ["repository.Repository%3A57e8fb08b3fcec1309c4e0ee%40ODL.MIT.EDU"], "url": "webapps/CLIx/datastore/repository/AssetContent/57ff2f48b3fcec148d8e3a75.mp3", "assetId": "repository.Asset%3A57e8fb09b3fcec1309c4e10c%40ODL.MIT.EDU", "accessibilityTypeId": "NoneType%3ANONE%40dlkit.mit.edu", "genusTypeId": "asset-content-genus-type%3Amp3%40iana.org", "_id": "57ff2f48b3fcec148d8e3a75", "data": ""}, {"displayName": {"text": "ee_U01L04A04Q01D_en_aud0007.mp3", "languageTypeId": "639-2%3AENG%40ISO", "formatTypeId": "TextFormats%3APLAIN%40okapia.net", "scriptTypeId": "15924%3ALATN%40ISO"}, "description": {"text": "", "languageTypeId": "639-2%3AENG%40ISO", "scriptTypeId": "15924%3ALATN%40ISO", "formatTypeId": "TextFormats%3APLAIN%40okapia.net"}, "recordTypeIds": [], "assignedRepositoryIds": ["repository.Repository%3A57e8fb08b3fcec1309c4e0ee%40ODL.MIT.EDU"], "url": "webapps/CLIx/datastore/repository/AssetContent/57ffe5f4b3fcec148d8e4885.mp3", "assetId": "repository.Asset%3A57e8fb09b3fcec1309c4e10c%40ODL.MIT.EDU", "accessibilityTypeId": "NoneType%3ANONE%40dlkit.mit.edu", "genusTypeId": "asset-content-genus-type%3Amp3%40iana.org", "_id": "57ffe5f4b3fcec148d8e4885", "data": ""}, {"displayName": {"text": "ee_U01L04A04Q01D_en_aud0007.mp3", "languageTypeId": "639-2%3AENG%40ISO", "formatTypeId": "TextFormats%3APLAIN%40okapia.net", "scriptTypeId": "15924%3ALATN%40ISO"}, "description": {"text": "", "languageTypeId": "639-2%3AENG%40ISO", "scriptTypeId": "15924%3ALATN%40ISO", "formatTypeId": "TextFormats%3APLAIN%40okapia.net"}, "recordTypeIds": [], "assignedRepositoryIds": ["repository.Repository%3A57e8fb08b3fcec1309c4e0ee%40ODL.MIT.EDU"], "url": "webapps/CLIx/datastore/repository/AssetContent/57ffe9fab3fcec148d8e4a50.mp3", "assetId": "repository.Asset%3A57e8fb09b3fcec1309c4e10c%40ODL.MIT.EDU", "accessibilityTypeId": "NoneType%3ANONE%40dlkit.mit.edu", "genusTypeId": "asset-content-genus-type%3Amp3%40iana.org", "_id": "57ffe9fab3fcec148d8e4a50", "data": ""}, {"displayName": {"text": "ee_U01L04A04Q01D_en_aud0007.mp3", "languageTypeId": "639-2%3AENG%40ISO", "formatTypeId": "TextFormats%3APLAIN%40okapia.net", "scriptTypeId": "15924%3ALATN%40ISO"}, "description": {"text": "", "languageTypeId": "639-2%3AENG%40ISO", "scriptTypeId": "15924%3ALATN%40ISO", "formatTypeId": "TextFormats%3APLAIN%40okapia.net"}, "recordTypeIds": [], "assignedRepositoryIds": ["repository.Repository%3A57e8fb08b3fcec1309c4e0ee%40ODL.MIT.EDU"], "url": "webapps/CLIx/datastore/repository/AssetContent/57ffeb83b3fcec148d8e4ad9.mp3", "assetId": "repository.Asset%3A57e8fb09b3fcec1309c4e10c%40ODL.MIT.EDU", "accessibilityTypeId": "NoneType%3ANONE%40dlkit.mit.edu", "genusTypeId": "asset-content-genus-type%3Amp3%40iana.org", "_id": "57ffeb83b3fcec148d8e4ad9", "data": ""}], "copyrightRegistration": "", "brandingIds": [], "copyright": {"text": "", "languageTypeId": "639-2%3AENG%40ISO", "formatTypeId": "TextFormats%3APLAIN%40okapia.net", "scriptTypeId": "15924%3ALATN%40ISO"}, "assignedRepositoryIds": ["repository.Repository%3A57e8fb08b3fcec1309c4e0ee%40ODL.MIT.EDU"], "principalCreditString": {"text": "", "languageTypeId": "639-2%3AENG%40ISO", "formatTypeId": "TextFormats%3APLAIN%40okapia.net", "scriptTypeId": "15924%3ALATN%40ISO"}, "distributeAlterations": null, "description": {"text": "QTI media file", "languageTypeId": "639-2%3AENG%40ISO", "formatTypeId": "TextFormats%3APLAIN%40okapia.net", "scriptTypeId": "15924%3ALATN%40ISO"}, "publishedDate": null, "distributeCompositions": null, "createdDate": null, "publicDomain": null, "displayName": {"text": "ee_U01L04A04Q01D_en_aud0007.mp3", "languageTypeId": "639-2%3AENG%40ISO", "formatTypeId": "TextFormats%3APLAIN%40okapia.net", "scriptTypeId": "15924%3ALATN%40ISO"}, "recordTypeIds": [], "license": {"text": "", "languageTypeId": "639-2%3AENG%40ISO", "formatTypeId": "TextFormats%3APLAIN%40okapia.net", "scriptTypeId": "15924%3ALATN%40ISO"}, "sourceId": "", "title": {"text": "", "languageTypeId": "639-2%3AENG%40ISO", "formatTypeId": "TextFormats%3APLAIN%40okapia.net", "scriptTypeId": "15924%3ALATN%40ISO"}, "compositionId": "", "providerId": "", "published": null, "genusTypeId": "asset-genus-type%3Aimage%40ODL.MIT.EDU", "_id": "57e8fb09b3fcec1309c4e10c"}