{"distributeVerbatim": null, "providerLinkIds": [], "assetContents": [{"displayName": {"text": "", "languageTypeId": "639-2%3AENG%40ISO", "scriptTypeId": "15924%3ALATN%40ISO", "formatTypeId": "TextFormats%3APLAIN%40okapia.net"}, "description": {"text": "", "languageTypeId": "639-2%3AENG%40ISO", "scriptTypeId": "15924%3ALATN%40ISO", "formatTypeId": "TextFormats%3APLAIN%40okapia.net"}, "recordTypeIds": [], "assignedRepositoryIds": ["repository.Repository%3A57e8ff6eb3fcec1309c4e3fa%40ODL.MIT.EDU"], "url": "webapps/CLIx/datastore/repository/AssetContent/57e8ff7cb3fcec1309c4e4c3.png", "assetId": "repository.Asset%3A57e8ff7cb3fcec1309c4e4c1%40ODL.MIT.EDU", "accessibilityTypeId": "NoneType%3ANONE%40dlkit.mit.edu", "genusTypeId": "asset-content-genus-type%3Apng%40iana.org", "_id": "57e8ff7cb3fcec1309c4e4c3", "data": ""}], "copyrightRegistration": "", "brandingIds": [], "copyright": {"text": "", "languageTypeId": "639-2%3AENG%40ISO", "formatTypeId": "TextFormats%3APLAIN%40okapia.net", "scriptTypeId": "15924%3ALATN%40ISO"}, "assignedRepositoryIds": ["repository.Repository%3A57e8ff6eb3fcec1309c4e3fa%40ODL.MIT.EDU"], "principalCreditString": {"text": "", "languageTypeId": "639-2%3AENG%40ISO", "formatTypeId": "TextFormats%3APLAIN%40okapia.net", "scriptTypeId": "15924%3ALATN%40ISO"}, "distributeAlterations": null, "description": {"text": "QTI media file", "languageTypeId": "639-2%3AENG%40ISO", "formatTypeId": "TextFormats%3APLAIN%40okapia.net", "scriptTypeId": "15924%3ALATN%40ISO"}, "publishedDate": null, "distributeCompositions": null, "createdDate": null, "publicDomain": null, "displayName": {"text": "medium6505760344665476999ee_U01L05A04Q05C_en_img019_o_pt50x.png", "languageTypeId": "639-2%3AENG%40ISO", "formatTypeId": "TextFormats%3APLAIN%40okapia.net", "scriptTypeId": "15924%3ALATN%40ISO"}, "recordTypeIds": [], "license": {"text": "", "languageTypeId": "639-2%3AENG%40ISO", "formatTypeId": "TextFormats%3APLAIN%40okapia.net", "scriptTypeId": "15924%3ALATN%40ISO"}, "sourceId": "", "title": {"text": "", "languageTypeId": "639-2%3AENG%40ISO", "formatTypeId": "TextFormats%3APLAIN%40okapia.net", "scriptTypeId": "15924%3ALATN%40ISO"}, "compositionId": "", "providerId": "", "published": null, "genusTypeId": "asset-genus-type%3Aimage%40ODL.MIT.EDU", "_id": "57e8ff7cb3fcec1309c4e4c1"}