{"assessmentOfferedId": "assessment.AssessmentOffered%3A57ee5f14b3fcec154609f168%40ODL.MIT.EDU", "displayName": {"text": "", "languageTypeId": "639-2%3AENG%40ISO", "formatTypeId": "TextFormats%3APLAIN%40okapia.net", "scriptTypeId": "15924%3ALATN%40ISO"}, "description": {"text": "", "languageTypeId": "639-2%3AENG%40ISO", "formatTypeId": "TextFormats%3APLAIN%40okapia.net", "scriptTypeId": "15924%3ALATN%40ISO"}, "recordTypeIds": ["assessment-taken-record-type%3Areview-options%40MOODLE.ORG"], "gradeId": "", "completionTime": null, "takingAgentId": "osid.agent.Agent%3Aaf40461f-064e-4a71-848d-2dc94fd27a9c%40MIT-ODL", "genusTypeId": "GenusType%3ADEFAULT%40DLKIT.MIT.EDU", "assignedBankIds": ["assessment.Bank%3A57ee5ef9b3fcec154609f157%40ODL.MIT.EDU"], "score": "", "actualStartTime": {"hour": 14, "month": 10, "second": 0, "microsecond": 836000, "year": 2016, "tzinfo": null, "day": 15, "minute": 13}, "_id": "5802396b57e4750594967c7d", "sections": ["assessment.AssessmentSection%3A5802396c57e4750594967c7e%40ODL.MIT.EDU"], "takerId": ""}