{"assessmentOfferedId": "assessment.AssessmentOffered%3A5802196eb3fcec148d8e4bf5%40ODL.MIT.EDU", "displayName": {"text": "", "languageTypeId": "639-2%3AENG%40ISO", "scriptTypeId": "15924%3ALATN%40ISO", "formatTypeId": "TextFormats%3APLAIN%40okapia.net"}, "description": {"text": "", "languageTypeId": "639-2%3AENG%40ISO", "scriptTypeId": "15924%3ALATN%40ISO", "formatTypeId": "TextFormats%3APLAIN%40okapia.net"}, "recordTypeIds": ["assessment-taken-record-type%3Areview-options%40MOODLE.ORG"], "gradeId": "", "_id": "5802203757e47513fc9e88ec", "ended": true, "completionTime": {"hour": 12, "month": 10, "second": 19, "microsecond": 511000, "year": 2016, "tzinfo": null, "day": 15, "minute": 34}, "takingAgentId": "osid.agent.Agent%3A64b11cfb-b68d-4101-c871-60c84be78120%40MIT-ODL", "genusTypeId": "GenusType%3ADEFAULT%40DLKIT.MIT.EDU", "assignedBankIds": ["assessment.Bank%3A57ee0acdb3fcec154609eaad%40ODL.MIT.EDU"], "actualStartTime": {"hour": 12, "month": 10, "second": 29, "microsecond": 170000, "year": 2016, "tzinfo": null, "day": 15, "minute": 25}, "score": "", "sections": ["assessment.AssessmentSection%3A5802203857e47513fc9e88ed%40ODL.MIT.EDU"], "takerId": ""}