{"assessmentOfferedId": "assessment.AssessmentOffered%3A58012c00b3fcec148d8e4b8e%40ODL.MIT.EDU", "displayName": {"text": "", "languageTypeId": "639-2%3AENG%40ISO", "formatTypeId": "TextFormats%3APLAIN%40okapia.net", "scriptTypeId": "15924%3ALATN%40ISO"}, "description": {"text": "", "languageTypeId": "639-2%3AENG%40ISO", "formatTypeId": "TextFormats%3APLAIN%40okapia.net", "scriptTypeId": "15924%3ALATN%40ISO"}, "recordTypeIds": ["assessment-taken-record-type%3Areview-options%40MOODLE.ORG"], "gradeId": "", "completionTime": null, "takingAgentId": "osid.agent.Agent%3Aaf40461f-064e-4a71-848d-2dc94fd27a9c%40MIT-ODL", "genusTypeId": "GenusType%3ADEFAULT%40DLKIT.MIT.EDU", "assignedBankIds": ["assessment.Bank%3A58012b5db3fcec148d8e4af9%40ODL.MIT.EDU"], "score": "", "actualStartTime": {"hour": 14, "month": 10, "second": 43, "microsecond": 581000, "year": 2016, "tzinfo": null, "day": 15, "minute": 12}, "_id": "5802395a57e4750594967c73", "sections": ["assessment.AssessmentSection%3A5802395b57e4750594967c74%40ODL.MIT.EDU"], "takerId": ""}