{"assessmentOfferedId": "assessment.AssessmentOffered%3A5802196eb3fcec148d8e4bf5%40ODL.MIT.EDU", "displayName": {"text": "", "languageTypeId": "639-2%3AENG%40ISO", "formatTypeId": "TextFormats%3APLAIN%40okapia.net", "scriptTypeId": "15924%3ALATN%40ISO"}, "description": {"text": "", "languageTypeId": "639-2%3AENG%40ISO", "formatTypeId": "TextFormats%3APLAIN%40okapia.net", "scriptTypeId": "15924%3ALATN%40ISO"}, "recordTypeIds": ["assessment-taken-record-type%3Areview-options%40MOODLE.ORG"], "gradeId": "", "completionTime": null, "takingAgentId": "osid.agent.Agent%3Abd2b7a88-5b12-4dc1-991d-89b7c67cc89f%40MIT-ODL", "genusTypeId": "GenusType%3ADEFAULT%40DLKIT.MIT.EDU", "assignedBankIds": ["assessment.Bank%3A57ee0acdb3fcec154609eaad%40ODL.MIT.EDU"], "score": "", "actualStartTime": {"hour": 13, "month": 10, "second": 25, "microsecond": 397000, "year": 2016, "tzinfo": null, "day": 15, "minute": 21}, "_id": "58022d5457e47513fc9e8947", "sections": ["assessment.AssessmentSection%3A58022d5457e47513fc9e8948%40ODL.MIT.EDU"], "takerId": ""}