{"assessmentOfferedId": "assessment.AssessmentOffered%3A58012c00b3fcec148d8e4b8e%40ODL.MIT.EDU", "displayName": {"text": "", "languageTypeId": "639-2%3AENG%40ISO", "scriptTypeId": "15924%3ALATN%40ISO", "formatTypeId": "TextFormats%3APLAIN%40okapia.net"}, "description": {"text": "", "languageTypeId": "639-2%3AENG%40ISO", "scriptTypeId": "15924%3ALATN%40ISO", "formatTypeId": "TextFormats%3APLAIN%40okapia.net"}, "recordTypeIds": ["assessment-taken-record-type%3Areview-options%40MOODLE.ORG"], "gradeId": "", "_id": "5802201f57e47513fc9e88e2", "ended": true, "completionTime": {"hour": 12, "month": 10, "second": 33, "microsecond": 350000, "year": 2016, "tzinfo": null, "day": 15, "minute": 38}, "takingAgentId": "osid.agent.Agent%3A64b11cfb-b68d-4101-c871-60c84be78120%40MIT-ODL", "genusTypeId": "GenusType%3ADEFAULT%40DLKIT.MIT.EDU", "assignedBankIds": ["assessment.Bank%3A58012b5db3fcec148d8e4af9%40ODL.MIT.EDU"], "actualStartTime": {"hour": 12, "month": 10, "second": 4, "microsecond": 494000, "year": 2016, "tzinfo": null, "day": 15, "minute": 25}, "score": "", "sections": ["assessment.AssessmentSection%3A5802202057e47513fc9e88e3%40ODL.MIT.EDU"], "takerId": ""}