{"assessmentOfferedId": "assessment.AssessmentOffered%3A57ee5f14b3fcec154609f168%40ODL.MIT.EDU", "displayName": {"text": "", "languageTypeId": "639-2%3AENG%40ISO", "formatTypeId": "TextFormats%3APLAIN%40okapia.net", "scriptTypeId": "15924%3ALATN%40ISO"}, "description": {"text": "", "languageTypeId": "639-2%3AENG%40ISO", "formatTypeId": "TextFormats%3APLAIN%40okapia.net", "scriptTypeId": "15924%3ALATN%40ISO"}, "recordTypeIds": ["assessment-taken-record-type%3Areview-options%40MOODLE.ORG"], "gradeId": "", "completionTime": null, "takingAgentId": "osid.agent.Agent%3A%40MIT-ODL", "genusTypeId": "GenusType%3ADEFAULT%40DLKIT.MIT.EDU", "assignedBankIds": ["assessment.Bank%3A57ee5ef9b3fcec154609f157%40ODL.MIT.EDU"], "score": "", "actualStartTime": {"hour": 14, "month": 10, "second": 33, "microsecond": 467000, "year": 2016, "tzinfo": null, "day": 15, "minute": 1}, "_id": "580236bb57e4750594967c5f", "sections": ["assessment.AssessmentSection%3A580236bc57e4750594967c60%40ODL.MIT.EDU"], "takerId": ""}