{"assessmentOfferedId": "assessment.AssessmentOffered%3A57ee5f14b3fcec154609f168%40ODL.MIT.EDU", "displayName": {"text": "", "languageTypeId": "639-2%3AENG%40ISO", "formatTypeId": "TextFormats%3APLAIN%40okapia.net", "scriptTypeId": "15924%3ALATN%40ISO"}, "description": {"text": "", "languageTypeId": "639-2%3AENG%40ISO", "formatTypeId": "TextFormats%3APLAIN%40okapia.net", "scriptTypeId": "15924%3ALATN%40ISO"}, "recordTypeIds": ["assessment-taken-record-type%3Areview-options%40MOODLE.ORG"], "gradeId": "", "completionTime": null, "takingAgentId": "osid.agent.Agent%3Abd2b7a88-5b12-4dc1-991d-89b7c67cc89f%40MIT-ODL", "genusTypeId": "GenusType%3ADEFAULT%40DLKIT.MIT.EDU", "assignedBankIds": ["assessment.Bank%3A57ee5ef9b3fcec154609f157%40ODL.MIT.EDU"], "score": "", "actualStartTime": {"hour": 13, "month": 10, "second": 1, "microsecond": 206000, "year": 2016, "tzinfo": null, "day": 15, "minute": 22}, "_id": "58022d7757e47513fc9e8958", "sections": ["assessment.AssessmentSection%3A58022d7957e47513fc9e8959%40ODL.MIT.EDU"], "takerId": ""}