{"assessmentOfferedId": "assessment.AssessmentOffered%3A57ea262db3fcec1309c4ee5e%40ODL.MIT.EDU", "displayName": {"text": "", "languageTypeId": "639-2%3AENG%40ISO", "formatTypeId": "TextFormats%3APLAIN%40okapia.net", "scriptTypeId": "15924%3ALATN%40ISO"}, "description": {"text": "", "languageTypeId": "639-2%3AENG%40ISO", "formatTypeId": "TextFormats%3APLAIN%40okapia.net", "scriptTypeId": "15924%3ALATN%40ISO"}, "recordTypeIds": ["assessment-taken-record-type%3Areview-options%40MOODLE.ORG"], "gradeId": "", "completionTime": null, "takingAgentId": "osid.agent.Agent%3A64b11cfb-b68d-4101-c871-60c84be78120%40MIT-ODL", "genusTypeId": "GenusType%3ADEFAULT%40DLKIT.MIT.EDU", "assignedBankIds": ["assessment.Bank%3A57ea25b2b3fcec1309c4ee2f%40ODL.MIT.EDU"], "score": "", "actualStartTime": {"hour": 12, "month": 10, "second": 21, "microsecond": 132000, "year": 2016, "tzinfo": null, "day": 15, "minute": 24}, "_id": "58021ff357e47513fc9e88de", "sections": ["assessment.AssessmentSection%3A58021ff457e47513fc9e88df%40ODL.MIT.EDU"], "takerId": ""}