{"assessmentOfferedId": "assessment.AssessmentOffered%3A57ea29b1b3fcec1309c4f0f5%40ODL.MIT.EDU", "displayName": {"text": "", "languageTypeId": "639-2%3AENG%40ISO", "formatTypeId": "TextFormats%3APLAIN%40okapia.net", "scriptTypeId": "15924%3ALATN%40ISO"}, "description": {"text": "", "languageTypeId": "639-2%3AENG%40ISO", "formatTypeId": "TextFormats%3APLAIN%40okapia.net", "scriptTypeId": "15924%3ALATN%40ISO"}, "recordTypeIds": ["assessment-taken-record-type%3Areview-options%40MOODLE.ORG"], "gradeId": "", "completionTime": null, "takingAgentId": "osid.agent.Agent%3Adaa38900-dafe-4dcf-e0dc-b639e7607fc4%40MIT-ODL", "genusTypeId": "GenusType%3ADEFAULT%40DLKIT.MIT.EDU", "assignedBankIds": ["assessment.Bank%3A57ea291ab3fcec1309c4ef7b%40ODL.MIT.EDU"], "score": "", "actualStartTime": {"hour": 12, "month": 10, "second": 22, "microsecond": 959000, "year": 2016, "tzinfo": null, "day": 16, "minute": 34}, "_id": "580373ce57e4750ba80c31f8", "sections": ["assessment.AssessmentSection%3A580373ce57e4750ba80c31f9%40ODL.MIT.EDU"], "takerId": ""}