{"assessmentOfferedId": "assessment.AssessmentOffered%3A57ea0770b3fcec1309c4e946%40ODL.MIT.EDU", "displayName": {"text": "", "languageTypeId": "639-2%3AENG%40ISO", "formatTypeId": "TextFormats%3APLAIN%40okapia.net", "scriptTypeId": "15924%3ALATN%40ISO"}, "description": {"text": "", "languageTypeId": "639-2%3AENG%40ISO", "formatTypeId": "TextFormats%3APLAIN%40okapia.net", "scriptTypeId": "15924%3ALATN%40ISO"}, "recordTypeIds": ["assessment-taken-record-type%3Areview-options%40MOODLE.ORG"], "gradeId": "", "completionTime": null, "takingAgentId": "osid.agent.Agent%3Ae2c135eb-cf0b-420e-1032-10001834dfcc%40MIT-ODL", "genusTypeId": "GenusType%3ADEFAULT%40DLKIT.MIT.EDU", "assignedBankIds": ["assessment.Bank%3A57e62dd4b3fcec5f10d00d7e%40ODL.MIT.EDU"], "score": "", "actualStartTime": {"hour": 10, "month": 10, "second": 49, "microsecond": 982000, "year": 2016, "tzinfo": null, "day": 16, "minute": 3}, "_id": "58035084ebff700d90b88f17", "sections": ["assessment.AssessmentSection%3A58035085ebff700d90b88f18%40ODL.MIT.EDU"], "takerId": ""}