{"assessmentOfferedId": "assessment.AssessmentOffered%3A5802196eb3fcec148d8e4bf5%40ODL.MIT.EDU", "displayName": {"text": "", "languageTypeId": "639-2%3AENG%40ISO", "formatTypeId": "TextFormats%3APLAIN%40okapia.net", "scriptTypeId": "15924%3ALATN%40ISO"}, "description": {"text": "", "languageTypeId": "639-2%3AENG%40ISO", "formatTypeId": "TextFormats%3APLAIN%40okapia.net", "scriptTypeId": "15924%3ALATN%40ISO"}, "recordTypeIds": ["assessment-taken-record-type%3Areview-options%40MOODLE.ORG"], "gradeId": "", "completionTime": null, "takingAgentId": "osid.agent.Agent%3Ae2c135eb-cf0b-420e-1032-10001834dfcc%40MIT-ODL", "genusTypeId": "GenusType%3ADEFAULT%40DLKIT.MIT.EDU", "assignedBankIds": ["assessment.Bank%3A57ee0acdb3fcec154609eaad%40ODL.MIT.EDU"], "score": "", "actualStartTime": {"hour": 10, "month": 10, "second": 9, "microsecond": 467000, "year": 2016, "tzinfo": null, "day": 16, "minute": 19}, "_id": "5803541cebff700d90b88f24", "sections": ["assessment.AssessmentSection%3A5803541cebff700d90b88f25%40ODL.MIT.EDU"], "takerId": ""}