{"assessmentOfferedId": "assessment.AssessmentOffered%3A57ea262db3fcec1309c4ee5e%40ODL.MIT.EDU", "displayName": {"text": "", "languageTypeId": "639-2%3AENG%40ISO", "formatTypeId": "TextFormats%3APLAIN%40okapia.net", "scriptTypeId": "15924%3ALATN%40ISO"}, "description": {"text": "", "languageTypeId": "639-2%3AENG%40ISO", "formatTypeId": "TextFormats%3APLAIN%40okapia.net", "scriptTypeId": "15924%3ALATN%40ISO"}, "recordTypeIds": ["assessment-taken-record-type%3Areview-options%40MOODLE.ORG"], "gradeId": "", "completionTime": null, "takingAgentId": "osid.agent.Agent%3Ae2c135eb-cf0b-420e-1032-10001834dfcc%40MIT-ODL", "genusTypeId": "GenusType%3ADEFAULT%40DLKIT.MIT.EDU", "assignedBankIds": ["assessment.Bank%3A57ea25b2b3fcec1309c4ee2f%40ODL.MIT.EDU"], "score": "", "actualStartTime": {"hour": 10, "month": 10, "second": 27, "microsecond": 287000, "year": 2016, "tzinfo": null, "day": 16, "minute": 0}, "_id": "58034fb8ebff700d90b88f14", "sections": ["assessment.AssessmentSection%3A58034fb9ebff700d90b88f15%40ODL.MIT.EDU"], "takerId": ""}