{"assessmentOfferedId": "assessment.AssessmentOffered%3A58012c00b3fcec148d8e4b8e%40ODL.MIT.EDU", "displayName": {"text": "", "languageTypeId": "639-2%3AENG%40ISO", "formatTypeId": "TextFormats%3APLAIN%40okapia.net", "scriptTypeId": "15924%3ALATN%40ISO"}, "description": {"text": "", "languageTypeId": "639-2%3AENG%40ISO", "formatTypeId": "TextFormats%3APLAIN%40okapia.net", "scriptTypeId": "15924%3ALATN%40ISO"}, "recordTypeIds": ["assessment-taken-record-type%3Areview-options%40MOODLE.ORG"], "gradeId": "", "completionTime": null, "takingAgentId": "osid.agent.Agent%3Adaa38900-dafe-4dcf-e0dc-b639e7607fc4%40MIT-ODL", "genusTypeId": "GenusType%3ADEFAULT%40DLKIT.MIT.EDU", "assignedBankIds": ["assessment.Bank%3A58012b5db3fcec148d8e4af9%40ODL.MIT.EDU"], "score": "", "actualStartTime": {"hour": 12, "month": 10, "second": 45, "microsecond": 609000, "year": 2016, "tzinfo": null, "day": 16, "minute": 39}, "_id": "5803751057e4750ba80c31fb", "sections": ["assessment.AssessmentSection%3A5803751157e4750ba80c31fc%40ODL.MIT.EDU"], "takerId": ""}