{"assessmentOfferedId": "assessment.AssessmentOffered%3A57ea29b1b3fcec1309c4f0f5%40ODL.MIT.EDU", "displayName": {"text": "", "languageTypeId": "639-2%3AENG%40ISO", "formatTypeId": "TextFormats%3APLAIN%40okapia.net", "scriptTypeId": "15924%3ALATN%40ISO"}, "description": {"text": "", "languageTypeId": "639-2%3AENG%40ISO", "formatTypeId": "TextFormats%3APLAIN%40okapia.net", "scriptTypeId": "15924%3ALATN%40ISO"}, "recordTypeIds": ["assessment-taken-record-type%3Areview-options%40MOODLE.ORG"], "gradeId": "", "completionTime": null, "takingAgentId": "osid.agent.Agent%3Ae2c135eb-cf0b-420e-1032-10001834dfcc%40MIT-ODL", "genusTypeId": "GenusType%3ADEFAULT%40DLKIT.MIT.EDU", "assignedBankIds": ["assessment.Bank%3A57ea291ab3fcec1309c4ef7b%40ODL.MIT.EDU"], "score": "", "actualStartTime": {"hour": 10, "month": 10, "second": 30, "microsecond": 150000, "year": 2016, "tzinfo": null, "day": 16, "minute": 11}, "_id": "58035251ebff700d90b88f21", "sections": ["assessment.AssessmentSection%3A58035252ebff700d90b88f22%40ODL.MIT.EDU"], "takerId": ""}