{"assessmentOfferedId": "assessment.AssessmentOffered%3A5802196eb3fcec148d8e4bf5%40ODL.MIT.EDU", "displayName": {"text": "", "languageTypeId": "639-2%3AENG%40ISO", "formatTypeId": "TextFormats%3APLAIN%40okapia.net", "scriptTypeId": "15924%3ALATN%40ISO"}, "description": {"text": "", "languageTypeId": "639-2%3AENG%40ISO", "formatTypeId": "TextFormats%3APLAIN%40okapia.net", "scriptTypeId": "15924%3ALATN%40ISO"}, "recordTypeIds": ["assessment-taken-record-type%3Areview-options%40MOODLE.ORG"], "gradeId": "", "completionTime": null, "takingAgentId": "osid.agent.Agent%3Adaa38900-dafe-4dcf-e0dc-b639e7607fc4%40MIT-ODL", "genusTypeId": "GenusType%3ADEFAULT%40DLKIT.MIT.EDU", "assignedBankIds": ["assessment.Bank%3A57ee0acdb3fcec154609eaad%40ODL.MIT.EDU"], "score": "", "actualStartTime": {"hour": 12, "month": 10, "second": 8, "microsecond": 464000, "year": 2016, "tzinfo": null, "day": 16, "minute": 40}, "_id": "5803752757e4750ba80c3205", "sections": ["assessment.AssessmentSection%3A5803752757e4750ba80c3206%40ODL.MIT.EDU"], "takerId": ""}