{"assessmentOfferedId": "assessment.AssessmentOffered%3A57ffeb19b3fcec148d8e4ab3%40ODL.MIT.EDU", "displayName": {"text": "", "languageTypeId": "639-2%3AENG%40ISO", "formatTypeId": "TextFormats%3APLAIN%40okapia.net", "scriptTypeId": "15924%3ALATN%40ISO"}, "description": {"text": "", "languageTypeId": "639-2%3AENG%40ISO", "formatTypeId": "TextFormats%3APLAIN%40okapia.net", "scriptTypeId": "15924%3ALATN%40ISO"}, "recordTypeIds": ["assessment-taken-record-type%3Areview-options%40MOODLE.ORG"], "gradeId": "", "completionTime": null, "takingAgentId": "osid.agent.Agent%3Adaa38900-dafe-4dcf-e0dc-b639e7607fc4%40MIT-ODL", "genusTypeId": "GenusType%3ADEFAULT%40DLKIT.MIT.EDU", "assignedBankIds": ["assessment.Bank%3A57ee4b6ab3fcec154609eddc%40ODL.MIT.EDU"], "score": "", "actualStartTime": {"hour": 12, "month": 10, "second": 14, "microsecond": 698000, "year": 2016, "tzinfo": null, "day": 16, "minute": 33}, "_id": "5803738957e4750ba80c31ef", "sections": ["assessment.AssessmentSection%3A5803738957e4750ba80c31f0%40ODL.MIT.EDU"], "takerId": ""}