{"assessmentOfferedId": "assessment.AssessmentOffered%3A57ffe9c5b3fcec148d8e4a2a%40ODL.MIT.EDU", "displayName": {"text": "", "languageTypeId": "639-2%3AENG%40ISO", "formatTypeId": "TextFormats%3APLAIN%40okapia.net", "scriptTypeId": "15924%3ALATN%40ISO"}, "description": {"text": "", "languageTypeId": "639-2%3AENG%40ISO", "formatTypeId": "TextFormats%3APLAIN%40okapia.net", "scriptTypeId": "15924%3ALATN%40ISO"}, "recordTypeIds": ["assessment-taken-record-type%3Areview-options%40MOODLE.ORG"], "gradeId": "", "completionTime": null, "takingAgentId": "osid.agent.Agent%3Acca77f6a-66b1-4fc0-9211-68981ee14622%40MIT-ODL", "genusTypeId": "GenusType%3ADEFAULT%40DLKIT.MIT.EDU", "assignedBankIds": ["assessment.Bank%3A57e91051b3fcec1309c4e6db%40ODL.MIT.EDU"], "score": "", "actualStartTime": {"hour": 10, "month": 10, "second": 5, "microsecond": 400000, "year": 2016, "tzinfo": null, "day": 17, "minute": 30}, "_id": "5804a82b57e47503a48cd6da", "sections": ["assessment.AssessmentSection%3A5804a82d57e47503a48cd6db%40ODL.MIT.EDU"], "takerId": ""}