{"assessmentOfferedId": "assessment.AssessmentOffered%3A57ee5169b3fcec154609f11f%40ODL.MIT.EDU", "displayName": {"text": "", "languageTypeId": "639-2%3AENG%40ISO", "formatTypeId": "TextFormats%3APLAIN%40okapia.net", "scriptTypeId": "15924%3ALATN%40ISO"}, "description": {"text": "", "languageTypeId": "639-2%3AENG%40ISO", "formatTypeId": "TextFormats%3APLAIN%40okapia.net", "scriptTypeId": "15924%3ALATN%40ISO"}, "recordTypeIds": ["assessment-taken-record-type%3Areview-options%40MOODLE.ORG"], "gradeId": "", "completionTime": null, "takingAgentId": "osid.agent.Agent%3Acca77f6a-66b1-4fc0-9211-68981ee14622%40MIT-ODL", "genusTypeId": "GenusType%3ADEFAULT%40DLKIT.MIT.EDU", "assignedBankIds": ["assessment.Bank%3A57ee5130b3fcec154609f103%40ODL.MIT.EDU"], "score": "", "actualStartTime": {"hour": 10, "month": 10, "second": 29, "microsecond": 542000, "year": 2016, "tzinfo": null, "day": 17, "minute": 26}, "_id": "5804a75457e47503a48cd686", "sections": ["assessment.AssessmentSection%3A5804a75557e47503a48cd687%40ODL.MIT.EDU"], "takerId": ""}