{"assessmentOfferedId": "assessment.AssessmentOffered%3A57ffd51db3fcec148d8e4752%40ODL.MIT.EDU", "displayName": {"text": "", "languageTypeId": "639-2%3AENG%40ISO", "formatTypeId": "TextFormats%3APLAIN%40okapia.net", "scriptTypeId": "15924%3ALATN%40ISO"}, "description": {"text": "", "languageTypeId": "639-2%3AENG%40ISO", "formatTypeId": "TextFormats%3APLAIN%40okapia.net", "scriptTypeId": "15924%3ALATN%40ISO"}, "recordTypeIds": ["assessment-taken-record-type%3Areview-options%40MOODLE.ORG"], "gradeId": "", "completionTime": null, "takingAgentId": "osid.agent.Agent%3Acca77f6a-66b1-4fc0-9211-68981ee14622%40MIT-ODL", "genusTypeId": "GenusType%3ADEFAULT%40DLKIT.MIT.EDU", "assignedBankIds": ["assessment.Bank%3A57e26c95b3fcec4c84a63f2f%40ODL.MIT.EDU"], "score": "", "actualStartTime": {"hour": 10, "month": 10, "second": 8, "microsecond": 138000, "year": 2016, "tzinfo": null, "day": 17, "minute": 28}, "_id": "5804a7b657e47503a48cd697", "sections": ["assessment.AssessmentSection%3A5804a7b757e47503a48cd698%40ODL.MIT.EDU"], "takerId": ""}