{"assessmentOfferedId": "assessment.AssessmentOffered%3A57ff198ab3fcec148d8e3714%40ODL.MIT.EDU", "displayName": {"text": "", "languageTypeId": "639-2%3AENG%40ISO", "formatTypeId": "TextFormats%3APLAIN%40okapia.net", "scriptTypeId": "15924%3ALATN%40ISO"}, "description": {"text": "", "languageTypeId": "639-2%3AENG%40ISO", "formatTypeId": "TextFormats%3APLAIN%40okapia.net", "scriptTypeId": "15924%3ALATN%40ISO"}, "recordTypeIds": ["assessment-taken-record-type%3Areview-options%40MOODLE.ORG"], "gradeId": "", "completionTime": null, "takingAgentId": "osid.agent.Agent%3Aa4560a5f-1f61-4a1b-08d8-9b1344b61495%40MIT-ODL", "genusTypeId": "GenusType%3ADEFAULT%40DLKIT.MIT.EDU", "assignedBankIds": ["assessment.Bank%3A57f89969b3fcec3154d6cf72%40ODL.MIT.EDU"], "score": "", "actualStartTime": {"hour": 15, "month": 10, "second": 4, "microsecond": 934000, "year": 2016, "tzinfo": null, "day": 17, "minute": 59}, "_id": "5804f54757e4750da00fd7c8", "sections": ["assessment.AssessmentSection%3A5804f54857e4750da00fd7c9%40ODL.MIT.EDU"], "takerId": ""}