{"assessmentOfferedId": "assessment.AssessmentOffered%3A57ea25ceb3fcec1309c4ee41%40ODL.MIT.EDU", "displayName": {"text": "", "languageTypeId": "639-2%3AENG%40ISO", "formatTypeId": "TextFormats%3APLAIN%40okapia.net", "scriptTypeId": "15924%3ALATN%40ISO"}, "description": {"text": "", "languageTypeId": "639-2%3AENG%40ISO", "formatTypeId": "TextFormats%3APLAIN%40okapia.net", "scriptTypeId": "15924%3ALATN%40ISO"}, "recordTypeIds": ["assessment-taken-record-type%3Areview-options%40MOODLE.ORG"], "gradeId": "", "completionTime": null, "takingAgentId": "osid.agent.Agent%3Acca77f6a-66b1-4fc0-9211-68981ee14622%40MIT-ODL", "genusTypeId": "GenusType%3ADEFAULT%40DLKIT.MIT.EDU", "assignedBankIds": ["assessment.Bank%3A57ea25afb3fcec1309c4ee20%40ODL.MIT.EDU"], "score": "", "actualStartTime": {"hour": 10, "month": 10, "second": 10, "microsecond": 986000, "year": 2016, "tzinfo": null, "day": 17, "minute": 27}, "_id": "5804a77e57e47503a48cd689", "sections": ["assessment.AssessmentSection%3A5804a77e57e47503a48cd68a%40ODL.MIT.EDU"], "takerId": ""}