{"assessmentOfferedId": "assessment.AssessmentOffered%3A57ee5f14b3fcec154609f168%40ODL.MIT.EDU", "displayName": {"text": "", "languageTypeId": "639-2%3AENG%40ISO", "formatTypeId": "TextFormats%3APLAIN%40okapia.net", "scriptTypeId": "15924%3ALATN%40ISO"}, "description": {"text": "", "languageTypeId": "639-2%3AENG%40ISO", "formatTypeId": "TextFormats%3APLAIN%40okapia.net", "scriptTypeId": "15924%3ALATN%40ISO"}, "recordTypeIds": ["assessment-taken-record-type%3Areview-options%40MOODLE.ORG"], "gradeId": "", "completionTime": null, "takingAgentId": "osid.agent.Agent%3Aa4560a5f-1f61-4a1b-08d8-9b1344b61495%40MIT-ODL", "genusTypeId": "GenusType%3ADEFAULT%40DLKIT.MIT.EDU", "assignedBankIds": ["assessment.Bank%3A57ee5ef9b3fcec154609f157%40ODL.MIT.EDU"], "score": "", "actualStartTime": {"hour": 15, "month": 10, "second": 26, "microsecond": 383000, "year": 2016, "tzinfo": null, "day": 17, "minute": 50}, "_id": "5804f34157e4750da00fd7c5", "sections": ["assessment.AssessmentSection%3A5804f34257e4750da00fd7c6%40ODL.MIT.EDU"], "takerId": ""}