{"assessmentOfferedId": "assessment.AssessmentOffered%3A57ea29b1b3fcec1309c4f0f5%40ODL.MIT.EDU", "displayName": {"text": "", "languageTypeId": "639-2%3AENG%40ISO", "formatTypeId": "TextFormats%3APLAIN%40okapia.net", "scriptTypeId": "15924%3ALATN%40ISO"}, "description": {"text": "", "languageTypeId": "639-2%3AENG%40ISO", "formatTypeId": "TextFormats%3APLAIN%40okapia.net", "scriptTypeId": "15924%3ALATN%40ISO"}, "recordTypeIds": ["assessment-taken-record-type%3Areview-options%40MOODLE.ORG"], "gradeId": "", "completionTime": null, "takingAgentId": "osid.agent.Agent%3Acca77f6a-66b1-4fc0-9211-68981ee14622%40MIT-ODL", "genusTypeId": "GenusType%3ADEFAULT%40DLKIT.MIT.EDU", "assignedBankIds": ["assessment.Bank%3A57ea291ab3fcec1309c4ef7b%40ODL.MIT.EDU"], "score": "", "actualStartTime": {"hour": 10, "month": 10, "second": 39, "microsecond": 267000, "year": 2016, "tzinfo": null, "day": 17, "minute": 27}, "_id": "5804a79a57e47503a48cd694", "sections": ["assessment.AssessmentSection%3A5804a79b57e47503a48cd695%40ODL.MIT.EDU"], "takerId": ""}