{"assessmentOfferedId": "assessment.AssessmentOffered%3A57ff198ab3fcec148d8e3714%40ODL.MIT.EDU", "displayName": {"text": "", "languageTypeId": "639-2%3AENG%40ISO", "formatTypeId": "TextFormats%3APLAIN%40okapia.net", "scriptTypeId": "15924%3ALATN%40ISO"}, "description": {"text": "", "languageTypeId": "639-2%3AENG%40ISO", "formatTypeId": "TextFormats%3APLAIN%40okapia.net", "scriptTypeId": "15924%3ALATN%40ISO"}, "recordTypeIds": ["assessment-taken-record-type%3Areview-options%40MOODLE.ORG"], "gradeId": "", "completionTime": null, "takingAgentId": "osid.agent.Agent%3A49dc6f63-5617-464a-9c85-d3cc0670f861%40MIT-ODL", "genusTypeId": "GenusType%3ADEFAULT%40DLKIT.MIT.EDU", "assignedBankIds": ["assessment.Bank%3A57f89969b3fcec3154d6cf72%40ODL.MIT.EDU"], "score": "", "actualStartTime": {"hour": 7, "month": 10, "second": 22, "microsecond": 66000, "year": 2016, "tzinfo": null, "day": 17, "minute": 1}, "_id": "5804774057e4751918a3fe6f", "sections": ["assessment.AssessmentSection%3A5804774157e4751918a3fe70%40ODL.MIT.EDU"], "takerId": ""}