{"assessmentOfferedId": "assessment.AssessmentOffered%3A57ffe698b3fcec148d8e48ab%40ODL.MIT.EDU", "displayName": {"text": "", "languageTypeId": "639-2%3AENG%40ISO", "formatTypeId": "TextFormats%3APLAIN%40okapia.net", "scriptTypeId": "15924%3ALATN%40ISO"}, "description": {"text": "", "languageTypeId": "639-2%3AENG%40ISO", "formatTypeId": "TextFormats%3APLAIN%40okapia.net", "scriptTypeId": "15924%3ALATN%40ISO"}, "recordTypeIds": ["assessment-taken-record-type%3Areview-options%40MOODLE.ORG"], "gradeId": "", "completionTime": null, "takingAgentId": "osid.agent.Agent%3Acca77f6a-66b1-4fc0-9211-68981ee14622%40MIT-ODL", "genusTypeId": "GenusType%3ADEFAULT%40DLKIT.MIT.EDU", "assignedBankIds": ["assessment.Bank%3A57e8ff6eb3fcec1309c4e3fa%40ODL.MIT.EDU"], "score": "", "actualStartTime": {"hour": 10, "month": 10, "second": 38, "microsecond": 941000, "year": 2016, "tzinfo": null, "day": 17, "minute": 29}, "_id": "5804a81157e47503a48cd6cd", "sections": ["assessment.AssessmentSection%3A5804a81257e47503a48cd6ce%40ODL.MIT.EDU"], "takerId": ""}