{"assessmentOfferedId": "assessment.AssessmentOffered%3A57ea262db3fcec1309c4ee5e%40ODL.MIT.EDU", "displayName": {"text": "", "languageTypeId": "639-2%3AENG%40ISO", "formatTypeId": "TextFormats%3APLAIN%40okapia.net", "scriptTypeId": "15924%3ALATN%40ISO"}, "description": {"text": "", "languageTypeId": "639-2%3AENG%40ISO", "formatTypeId": "TextFormats%3APLAIN%40okapia.net", "scriptTypeId": "15924%3ALATN%40ISO"}, "recordTypeIds": ["assessment-taken-record-type%3Areview-options%40MOODLE.ORG"], "gradeId": "", "completionTime": null, "takingAgentId": "osid.agent.Agent%3A282f5a2b-90e0-4f2c-2728-9afdb8157d06%40MIT-ODL", "genusTypeId": "GenusType%3ADEFAULT%40DLKIT.MIT.EDU", "assignedBankIds": ["assessment.Bank%3A57ea25b2b3fcec1309c4ee2f%40ODL.MIT.EDU"], "score": "", "actualStartTime": {"hour": 4, "month": 11, "second": 34, "microsecond": 271000, "year": 2016, "tzinfo": null, "day": 16, "minute": 25}, "_id": "582bdfbc501e1407482d7a81", "sections": ["assessment.AssessmentSection%3A582bdfbd501e1407482d7a82%40ODL.MIT.EDU"], "takerId": ""}