{"assessmentTakenId": "assessment.AssessmentTaken%3A580236bb57e4750594967c5f%40ODL.MIT.EDU", "recordTypeIds": [], "assessmentParts": [{"assessmentPartId": "assessment_authoring.AssessmentPart%3A57ee5efeb3fcec154609f167%40ODL.MIT.EDU", "requiresSequentialItems": false, "level": 0}], "questions": [{"itemId": "assessment.Item%3A57ee5efeb3fcec154609f163%40ODL.MIT.EDU", "questionId": "assessment.Item%3A57ee5efeb3fcec154609f163%40ODL.MIT.EDU", "responses": [{"itemId": "assessment.Item%3A57ee5efeb3fcec154609f163%40ODL.MIT.EDU", "submissionTime": null, "missingResponse": 0}], "displayElements": [1], "assessmentPartId": "assessment_authoring.AssessmentPart%3A57ee5efeb3fcec154609f167%40ODL.MIT.EDU", "_id": "580236bd57e4750594967c61"}], "assessmentPartId": "assessment_authoring.AssessmentPart%3A57ee5efeb3fcec154609f167%40ODL.MIT.EDU", "_id": "580236bc57e4750594967c60"}