{"assessmentTakenId": "assessment.AssessmentTaken%3A58022d7757e47513fc9e8958%40ODL.MIT.EDU", "recordTypeIds": [], "assessmentParts": [{"assessmentPartId": "assessment_authoring.AssessmentPart%3A57ee5efeb3fcec154609f167%40ODL.MIT.EDU", "requiresSequentialItems": false, "level": 0}], "questions": [{"itemId": "assessment.Item%3A57ee5efeb3fcec154609f163%40ODL.MIT.EDU", "questionId": "assessment.Item%3A57ee5efeb3fcec154609f163%40ODL.MIT.EDU", "responses": [{"itemId": "assessment.Item%3A57ee5efeb3fcec154609f163%40ODL.MIT.EDU", "submissionTime": null, "missingResponse": 0}], "displayElements": [1], "assessmentPartId": "assessment_authoring.AssessmentPart%3A57ee5efeb3fcec154609f167%40ODL.MIT.EDU", "_id": "58022d7957e47513fc9e895a"}], "assessmentPartId": "assessment_authoring.AssessmentPart%3A57ee5efeb3fcec154609f167%40ODL.MIT.EDU", "_id": "58022d7957e47513fc9e8959"}