{"assessmentTakenId": "assessment.AssessmentTaken%3A5802203757e47513fc9e88ec%40ODL.MIT.EDU", "recordTypeIds": [], "assessmentParts": [{"assessmentPartId": "assessment_authoring.AssessmentPart%3A57ee0b25b3fcec154609ec20%40ODL.MIT.EDU", "requiresSequentialItems": false, "level": 0}], "questions": [{"itemId": "assessment.Item%3A57ee0ad0b3fcec154609eab7%40ODL.MIT.EDU", "questionId": "assessment.Item%3A57ee0ad0b3fcec154609eab7%40ODL.MIT.EDU", "responses": [{"itemId": "assessment.Item%3A5802203957e47513fc9e88ee%40assessment-session", "displayName": {"text": "", "languageTypeId": "639-2%3AENG%40ISO", "scriptTypeId": "15924%3ALATN%40ISO", "formatTypeId": "TextFormats%3APLAIN%40okapia.net"}, "description": {"text": "", "languageTypeId": "639-2%3AENG%40ISO", "scriptTypeId": "15924%3ALATN%40ISO", "formatTypeId": "TextFormats%3APLAIN%40okapia.net"}, "recordTypeIds": ["answer-record-type%3Aqti%40ODL.MIT.EDU", "answer-record-type%3Amulti-language-answer-with-feedback%40ODL.MIT.EDU", "answer-record-type%3Afiles%40ODL.MIT.EDU", "answer-record-type%3Amulti-choice-answer%40ODL.MIT.EDU"], "choiceIds": ["id354055b5-c247-47d4-a715-f1a2d99e7167"], "genusTypeId": "GenusType%3ADEFAULT%40DLKIT.MIT.EDU", "assignedBankIds": ["assessment.Bank%3A57ee0acdb3fcec154609eaad%40ODL.MIT.EDU"], "submissionTime": {"hour": 12, "month": 10, "second": 56, "microsecond": 474000, "year": 2016, "tzinfo": null, "day": 15, "minute": 29}, "_id": "5802214457e47513fc9e88fe", "feedbacks": [], "fileIds": {}}], "displayElements": [1], "assessmentPartId": "assessment_authoring.AssessmentPart%3A57ee0b25b3fcec154609ec20%40ODL.MIT.EDU", "_id": "5802203957e47513fc9e88ee"}, {"itemId": "assessment.Item%3A57ee0ad6b3fcec154609eadc%40ODL.MIT.EDU", "questionId": "assessment.Item%3A57ee0ad6b3fcec154609eadc%40ODL.MIT.EDU", "responses": [{"itemId": "assessment.Item%3A5802203957e47513fc9e88ef%40assessment-session", "displayName": {"text": "", "languageTypeId": "639-2%3AENG%40ISO", "scriptTypeId": "15924%3ALATN%40ISO", "formatTypeId": "TextFormats%3APLAIN%40okapia.net"}, "description": {"text": "", "languageTypeId": "639-2%3AENG%40ISO", "scriptTypeId": "15924%3ALATN%40ISO", "formatTypeId": "TextFormats%3APLAIN%40okapia.net"}, "recordTypeIds": ["answer-record-type%3Aqti%40ODL.MIT.EDU", "answer-record-type%3Amulti-language-answer-with-feedback%40ODL.MIT.EDU", "answer-record-type%3Afiles%40ODL.MIT.EDU", "answer-record-type%3Amulti-choice-answer%40ODL.MIT.EDU"], "choiceIds": ["id32a64381-fd10-410a-aff4-b767e0a92d8a"], "genusTypeId": "GenusType%3ADEFAULT%40DLKIT.MIT.EDU", "assignedBankIds": ["assessment.Bank%3A57ee0acdb3fcec154609eaad%40ODL.MIT.EDU"], "submissionTime": {"hour": 12, "month": 10, "second": 26, "microsecond": 42000, "year": 2016, "tzinfo": null, "day": 15, "minute": 30}, "_id": "5802216157e47513fc9e8901", "feedbacks": [], "fileIds": {}}], "displayElements": [2], "assessmentPartId": "assessment_authoring.AssessmentPart%3A57ee0b25b3fcec154609ec20%40ODL.MIT.EDU", "_id": "5802203957e47513fc9e88ef"}, {"itemId": "assessment.Item%3A57ee0adcb3fcec154609eaf7%40ODL.MIT.EDU", "questionId": "assessment.Item%3A57ee0adcb3fcec154609eaf7%40ODL.MIT.EDU", "responses": [{"itemId": "assessment.Item%3A5802203957e47513fc9e88f0%40assessment-session", "displayName": {"text": "", "languageTypeId": "639-2%3AENG%40ISO", "scriptTypeId": "15924%3ALATN%40ISO", "formatTypeId": "TextFormats%3APLAIN%40okapia.net"}, "description": {"text": "", "languageTypeId": "639-2%3AENG%40ISO", "scriptTypeId": "15924%3ALATN%40ISO", "formatTypeId": "TextFormats%3APLAIN%40okapia.net"}, "recordTypeIds": ["answer-record-type%3Aqti%40ODL.MIT.EDU", "answer-record-type%3Amulti-language-answer-with-feedback%40ODL.MIT.EDU", "answer-record-type%3Afiles%40ODL.MIT.EDU", "answer-record-type%3Amulti-choice-answer%40ODL.MIT.EDU"], "choiceIds": ["idf49cab6d-d3fa-406a-acc7-840cbdb6e477"], "genusTypeId": "GenusType%3ADEFAULT%40DLKIT.MIT.EDU", "assignedBankIds": ["assessment.Bank%3A57ee0acdb3fcec154609eaad%40ODL.MIT.EDU"], "submissionTime": {"hour": 12, "month": 10, "second": 33, "microsecond": 670000, "year": 2016, "tzinfo": null, "day": 15, "minute": 30}, "_id": "5802216957e47513fc9e8904", "feedbacks": [], "fileIds": {}}], "displayElements": [3], "assessmentPartId": "assessment_authoring.AssessmentPart%3A57ee0b25b3fcec154609ec20%40ODL.MIT.EDU", "_id": "5802203957e47513fc9e88f0"}, {"itemId": "assessment.Item%3A57ee0ae3b3fcec154609eb12%40ODL.MIT.EDU", "questionId": "assessment.Item%3A57ee0ae3b3fcec154609eb12%40ODL.MIT.EDU", "responses": [{"itemId": "assessment.Item%3A5802203957e47513fc9e88f1%40assessment-session", "displayName": {"text": "", "languageTypeId": "639-2%3AENG%40ISO", "scriptTypeId": "15924%3ALATN%40ISO", "formatTypeId": "TextFormats%3APLAIN%40okapia.net"}, "description": {"text": "", "languageTypeId": "639-2%3AENG%40ISO", "scriptTypeId": "15924%3ALATN%40ISO", "formatTypeId": "TextFormats%3APLAIN%40okapia.net"}, "recordTypeIds": ["answer-record-type%3Aqti%40ODL.MIT.EDU", "answer-record-type%3Amulti-language-answer-with-feedback%40ODL.MIT.EDU", "answer-record-type%3Afiles%40ODL.MIT.EDU", "answer-record-type%3Amulti-choice-answer%40ODL.MIT.EDU"], "choiceIds": ["id9cf68097-0c06-4286-961f-8eb4a3f9b76e"], "genusTypeId": "GenusType%3ADEFAULT%40DLKIT.MIT.EDU", "assignedBankIds": ["assessment.Bank%3A57ee0acdb3fcec154609eaad%40ODL.MIT.EDU"], "submissionTime": {"hour": 12, "month": 10, "second": 47, "microsecond": 470000, "year": 2016, "tzinfo": null, "day": 15, "minute": 30}, "_id": "5802217757e47513fc9e8907", "feedbacks": [], "fileIds": {}}], "displayElements": [4], "assessmentPartId": "assessment_authoring.AssessmentPart%3A57ee0b25b3fcec154609ec20%40ODL.MIT.EDU", "_id": "5802203957e47513fc9e88f1"}, {"itemId": "assessment.Item%3A57ee0ae8b3fcec154609eb29%40ODL.MIT.EDU", "questionId": "assessment.Item%3A57ee0ae8b3fcec154609eb29%40ODL.MIT.EDU", "responses": [{"itemId": "assessment.Item%3A5802203957e47513fc9e88f2%40assessment-session", "displayName": {"text": "", "languageTypeId": "639-2%3AENG%40ISO", "scriptTypeId": "15924%3ALATN%40ISO", "formatTypeId": "TextFormats%3APLAIN%40okapia.net"}, "description": {"text": "", "languageTypeId": "639-2%3AENG%40ISO", "scriptTypeId": "15924%3ALATN%40ISO", "formatTypeId": "TextFormats%3APLAIN%40okapia.net"}, "recordTypeIds": ["answer-record-type%3Aqti%40ODL.MIT.EDU", "answer-record-type%3Amulti-language-answer-with-feedback%40ODL.MIT.EDU", "answer-record-type%3Afiles%40ODL.MIT.EDU", "answer-record-type%3Amulti-choice-answer%40ODL.MIT.EDU"], "choiceIds": ["id0e11d5c7-e9fd-41aa-936a-ed73dada6ace"], "genusTypeId": "GenusType%3ADEFAULT%40DLKIT.MIT.EDU", "assignedBankIds": ["assessment.Bank%3A57ee0acdb3fcec154609eaad%40ODL.MIT.EDU"], "submissionTime": {"hour": 12, "month": 10, "second": 3, "microsecond": 241000, "year": 2016, "tzinfo": null, "day": 15, "minute": 31}, "_id": "5802218657e47513fc9e890a", "feedbacks": [], "fileIds": {}}], "displayElements": [5], "assessmentPartId": "assessment_authoring.AssessmentPart%3A57ee0b25b3fcec154609ec20%40ODL.MIT.EDU", "_id": "5802203957e47513fc9e88f2"}, {"itemId": "assessment.Item%3A57ee0af0b3fcec154609eb4d%40ODL.MIT.EDU", "questionId": "assessment.Item%3A57ee0af0b3fcec154609eb4d%40ODL.MIT.EDU", "responses": [{"itemId": "assessment.Item%3A5802203957e47513fc9e88f3%40assessment-session", "displayName": {"text": "", "languageTypeId": "639-2%3AENG%40ISO", "scriptTypeId": "15924%3ALATN%40ISO", "formatTypeId": "TextFormats%3APLAIN%40okapia.net"}, "description": {"text": "", "languageTypeId": "639-2%3AENG%40ISO", "scriptTypeId": "15924%3ALATN%40ISO", "formatTypeId": "TextFormats%3APLAIN%40okapia.net"}, "recordTypeIds": ["answer-record-type%3Aqti%40ODL.MIT.EDU", "answer-record-type%3Amulti-language-answer-with-feedback%40ODL.MIT.EDU", "answer-record-type%3Afiles%40ODL.MIT.EDU", "answer-record-type%3Amulti-choice-answer%40ODL.MIT.EDU"], "choiceIds": ["id0835dc0e-5646-4668-8cad-9e0393cad7d0"], "genusTypeId": "GenusType%3ADEFAULT%40DLKIT.MIT.EDU", "assignedBankIds": ["assessment.Bank%3A57ee0acdb3fcec154609eaad%40ODL.MIT.EDU"], "submissionTime": {"hour": 12, "month": 10, "second": 17, "microsecond": 830000, "year": 2016, "tzinfo": null, "day": 15, "minute": 31}, "_id": "5802219557e47513fc9e890d", "feedbacks": [], "fileIds": {}}], "displayElements": [6], "assessmentPartId": "assessment_authoring.AssessmentPart%3A57ee0b25b3fcec154609ec20%40ODL.MIT.EDU", "_id": "5802203957e47513fc9e88f3"}, {"itemId": "assessment.Item%3A57ee0af6b3fcec154609eb68%40ODL.MIT.EDU", "questionId": "assessment.Item%3A57ee0af6b3fcec154609eb68%40ODL.MIT.EDU", "responses": [{"itemId": "assessment.Item%3A5802203957e47513fc9e88f4%40assessment-session", "displayName": {"text": "", "languageTypeId": "639-2%3AENG%40ISO", "scriptTypeId": "15924%3ALATN%40ISO", "formatTypeId": "TextFormats%3APLAIN%40okapia.net"}, "description": {"text": "", "languageTypeId": "639-2%3AENG%40ISO", "scriptTypeId": "15924%3ALATN%40ISO", "formatTypeId": "TextFormats%3APLAIN%40okapia.net"}, "recordTypeIds": ["answer-record-type%3Aqti%40ODL.MIT.EDU", "answer-record-type%3Amulti-language-answer-with-feedback%40ODL.MIT.EDU", "answer-record-type%3Afiles%40ODL.MIT.EDU", "answer-record-type%3Amulti-choice-answer%40ODL.MIT.EDU"], "choiceIds": ["id2e604627-3233-409b-9216-22aa08316e2a"], "genusTypeId": "GenusType%3ADEFAULT%40DLKIT.MIT.EDU", "assignedBankIds": ["assessment.Bank%3A57ee0acdb3fcec154609eaad%40ODL.MIT.EDU"], "submissionTime": {"hour": 12, "month": 10, "second": 26, "microsecond": 540000, "year": 2016, "tzinfo": null, "day": 15, "minute": 31}, "_id": "5802219e57e47513fc9e8910", "feedbacks": [], "fileIds": {}}], "displayElements": [7], "assessmentPartId": "assessment_authoring.AssessmentPart%3A57ee0b25b3fcec154609ec20%40ODL.MIT.EDU", "_id": "5802203957e47513fc9e88f4"}, {"itemId": "assessment.Item%3A57ee0afbb3fcec154609eb7f%40ODL.MIT.EDU", "questionId": "assessment.Item%3A57ee0afbb3fcec154609eb7f%40ODL.MIT.EDU", "responses": [{"itemId": "assessment.Item%3A5802203957e47513fc9e88f5%40assessment-session", "displayName": {"text": "", "languageTypeId": "639-2%3AENG%40ISO", "scriptTypeId": "15924%3ALATN%40ISO", "formatTypeId": "TextFormats%3APLAIN%40okapia.net"}, "description": {"text": "", "languageTypeId": "639-2%3AENG%40ISO", "scriptTypeId": "15924%3ALATN%40ISO", "formatTypeId": "TextFormats%3APLAIN%40okapia.net"}, "recordTypeIds": ["answer-record-type%3Aqti%40ODL.MIT.EDU", "answer-record-type%3Amulti-language-answer-with-feedback%40ODL.MIT.EDU", "answer-record-type%3Afiles%40ODL.MIT.EDU", "answer-record-type%3Amulti-choice-answer%40ODL.MIT.EDU"], "choiceIds": ["idc24b203b-8c81-4e4d-b4f7-d596038288e3"], "genusTypeId": "GenusType%3ADEFAULT%40DLKIT.MIT.EDU", "assignedBankIds": ["assessment.Bank%3A57ee0acdb3fcec154609eaad%40ODL.MIT.EDU"], "submissionTime": {"hour": 12, "month": 10, "second": 34, "microsecond": 730000, "year": 2016, "tzinfo": null, "day": 15, "minute": 31}, "_id": "580221a657e47513fc9e8913", "feedbacks": [], "fileIds": {}}], "displayElements": [8], "assessmentPartId": "assessment_authoring.AssessmentPart%3A57ee0b25b3fcec154609ec20%40ODL.MIT.EDU", "_id": "5802203957e47513fc9e88f5"}, {"itemId": "assessment.Item%3A57ee0b01b3fcec154609eb9a%40ODL.MIT.EDU", "questionId": "assessment.Item%3A57ee0b01b3fcec154609eb9a%40ODL.MIT.EDU", "responses": [{"itemId": "assessment.Item%3A5802203957e47513fc9e88f6%40assessment-session", "displayName": {"text": "", "languageTypeId": "639-2%3AENG%40ISO", "scriptTypeId": "15924%3ALATN%40ISO", "formatTypeId": "TextFormats%3APLAIN%40okapia.net"}, "description": {"text": "", "languageTypeId": "639-2%3AENG%40ISO", "scriptTypeId": "15924%3ALATN%40ISO", "formatTypeId": "TextFormats%3APLAIN%40okapia.net"}, "recordTypeIds": ["answer-record-type%3Aqti%40ODL.MIT.EDU", "answer-record-type%3Amulti-language-answer-with-feedback%40ODL.MIT.EDU", "answer-record-type%3Afiles%40ODL.MIT.EDU", "answer-record-type%3Amulti-choice-answer%40ODL.MIT.EDU"], "choiceIds": ["ide4a53200-321d-40f2-8b50-eeff728c4935"], "genusTypeId": "GenusType%3ADEFAULT%40DLKIT.MIT.EDU", "assignedBankIds": ["assessment.Bank%3A57ee0acdb3fcec154609eaad%40ODL.MIT.EDU"], "submissionTime": {"hour": 12, "month": 10, "second": 46, "microsecond": 765000, "year": 2016, "tzinfo": null, "day": 15, "minute": 31}, "_id": "580221b257e47513fc9e8916", "feedbacks": [], "fileIds": {}}], "displayElements": [9], "assessmentPartId": "assessment_authoring.AssessmentPart%3A57ee0b25b3fcec154609ec20%40ODL.MIT.EDU", "_id": "5802203957e47513fc9e88f6"}, {"itemId": "assessment.Item%3A57ee0b07b3fcec154609ebb5%40ODL.MIT.EDU", "questionId": "assessment.Item%3A57ee0b07b3fcec154609ebb5%40ODL.MIT.EDU", "responses": [{"itemId": "assessment.Item%3A5802203957e47513fc9e88f7%40assessment-session", "displayName": {"text": "", "languageTypeId": "639-2%3AENG%40ISO", "scriptTypeId": "15924%3ALATN%40ISO", "formatTypeId": "TextFormats%3APLAIN%40okapia.net"}, "description": {"text": "", "languageTypeId": "639-2%3AENG%40ISO", "scriptTypeId": "15924%3ALATN%40ISO", "formatTypeId": "TextFormats%3APLAIN%40okapia.net"}, "recordTypeIds": ["answer-record-type%3Aqti%40ODL.MIT.EDU", "answer-record-type%3Amulti-language-answer-with-feedback%40ODL.MIT.EDU", "answer-record-type%3Afiles%40ODL.MIT.EDU", "answer-record-type%3Amulti-choice-answer%40ODL.MIT.EDU"], "choiceIds": ["id8970777b-b6f0-42c4-ba07-8af659d3c2c8"], "genusTypeId": "GenusType%3ADEFAULT%40DLKIT.MIT.EDU", "assignedBankIds": ["assessment.Bank%3A57ee0acdb3fcec154609eaad%40ODL.MIT.EDU"], "submissionTime": {"hour": 12, "month": 10, "second": 6, "microsecond": 873000, "year": 2016, "tzinfo": null, "day": 15, "minute": 32}, "_id": "580221c657e47513fc9e8919", "feedbacks": [], "fileIds": {}}], "displayElements": [10], "assessmentPartId": "assessment_authoring.AssessmentPart%3A57ee0b25b3fcec154609ec20%40ODL.MIT.EDU", "_id": "5802203957e47513fc9e88f7"}, {"itemId": "assessment.Item%3A57ee0b0db3fcec154609ebca%40ODL.MIT.EDU", "questionId": "assessment.Item%3A57ee0b0db3fcec154609ebca%40ODL.MIT.EDU", "responses": [{"itemId": "assessment.Item%3A5802203957e47513fc9e88f8%40assessment-session", "displayName": {"text": "", "languageTypeId": "639-2%3AENG%40ISO", "scriptTypeId": "15924%3ALATN%40ISO", "formatTypeId": "TextFormats%3APLAIN%40okapia.net"}, "description": {"text": "", "languageTypeId": "639-2%3AENG%40ISO", "scriptTypeId": "15924%3ALATN%40ISO", "formatTypeId": "TextFormats%3APLAIN%40okapia.net"}, "recordTypeIds": ["answer-record-type%3Aqti%40ODL.MIT.EDU", "answer-record-type%3Amulti-language-answer-with-feedback%40ODL.MIT.EDU", "answer-record-type%3Afiles%40ODL.MIT.EDU", "answer-record-type%3Amulti-choice-answer%40ODL.MIT.EDU"], "choiceIds": ["id149fd4b5-86f9-4676-b300-80a1b61b16a7"], "genusTypeId": "GenusType%3ADEFAULT%40DLKIT.MIT.EDU", "assignedBankIds": ["assessment.Bank%3A57ee0acdb3fcec154609eaad%40ODL.MIT.EDU"], "submissionTime": {"hour": 12, "month": 10, "second": 32, "microsecond": 192000, "year": 2016, "tzinfo": null, "day": 15, "minute": 33}, "_id": "5802221b57e47513fc9e891c", "feedbacks": [], "fileIds": {}}], "displayElements": [11], "assessmentPartId": "assessment_authoring.AssessmentPart%3A57ee0b25b3fcec154609ec20%40ODL.MIT.EDU", "_id": "5802203957e47513fc9e88f8"}, {"itemId": "assessment.Item%3A57ee0b13b3fcec154609ebe1%40ODL.MIT.EDU", "questionId": "assessment.Item%3A57ee0b13b3fcec154609ebe1%40ODL.MIT.EDU", "responses": [{"minStringLength": null, "itemId": "assessment.Item%3A5802203957e47513fc9e88f9%40assessment-session", "displayName": {"text": "", "languageTypeId": "639-2%3AENG%40ISO", "scriptTypeId": "15924%3ALATN%40ISO", "formatTypeId": "TextFormats%3APLAIN%40okapia.net"}, "description": {"text": "", "languageTypeId": "639-2%3AENG%40ISO", "scriptTypeId": "15924%3ALATN%40ISO", "formatTypeId": "TextFormats%3APLAIN%40okapia.net"}, "recordTypeIds": ["answer-record-type%3Aqti%40ODL.MIT.EDU", "answer-record-type%3Amulti-language-answer-with-feedback%40ODL.MIT.EDU", "answer-record-type%3Afiles%40ODL.MIT.EDU", "answer-record-type%3Aextended-text-answer%40ODL.MIT.EDU"], "text": {"text": "gfhfd", "languageTypeId": "639-2%3AENG%40ISO", "formatTypeId": "TextFormats%3APLAIN%40okapia.net", "scriptTypeId": "15924%3ALATN%40ISO"}, "genusTypeId": "GenusType%3ADEFAULT%40DLKIT.MIT.EDU", "assignedBankIds": ["assessment.Bank%3A57ee0acdb3fcec154609eaad%40ODL.MIT.EDU"], "submissionTime": {"hour": 12, "month": 10, "second": 42, "microsecond": 638000, "year": 2016, "tzinfo": null, "day": 15, "minute": 33}, "maxStringLength": null, "_id": "5802222657e47513fc9e891f", "feedbacks": [], "fileIds": {}}], "displayElements": [12], "assessmentPartId": "assessment_authoring.AssessmentPart%3A57ee0b25b3fcec154609ec20%40ODL.MIT.EDU", "_id": "5802203957e47513fc9e88f9"}, {"itemId": "assessment.Item%3A57ee0b19b3fcec154609ebf6%40ODL.MIT.EDU", "questionId": "assessment.Item%3A57ee0b19b3fcec154609ebf6%40ODL.MIT.EDU", "responses": [{"minStringLength": null, "itemId": "assessment.Item%3A5802203957e47513fc9e88fa%40assessment-session", "displayName": {"text": "", "languageTypeId": "639-2%3AENG%40ISO", "scriptTypeId": "15924%3ALATN%40ISO", "formatTypeId": "TextFormats%3APLAIN%40okapia.net"}, "description": {"text": "", "languageTypeId": "639-2%3AENG%40ISO", "scriptTypeId": "15924%3ALATN%40ISO", "formatTypeId": "TextFormats%3APLAIN%40okapia.net"}, "recordTypeIds": ["answer-record-type%3Aqti%40ODL.MIT.EDU", "answer-record-type%3Amulti-language-answer-with-feedback%40ODL.MIT.EDU", "answer-record-type%3Afiles%40ODL.MIT.EDU", "answer-record-type%3Aextended-text-answer%40ODL.MIT.EDU"], "text": {"text": ", n.,vcnx", "languageTypeId": "639-2%3AENG%40ISO", "formatTypeId": "TextFormats%3APLAIN%40okapia.net", "scriptTypeId": "15924%3ALATN%40ISO"}, "genusTypeId": "GenusType%3ADEFAULT%40DLKIT.MIT.EDU", "assignedBankIds": ["assessment.Bank%3A57ee0acdb3fcec154609eaad%40ODL.MIT.EDU"], "submissionTime": {"hour": 12, "month": 10, "second": 52, "microsecond": 600000, "year": 2016, "tzinfo": null, "day": 15, "minute": 33}, "maxStringLength": null, "_id": "5802223057e47513fc9e8922", "feedbacks": [], "fileIds": {}}], "displayElements": [13], "assessmentPartId": "assessment_authoring.AssessmentPart%3A57ee0b25b3fcec154609ec20%40ODL.MIT.EDU", "_id": "5802203957e47513fc9e88fa"}, {"itemId": "assessment.Item%3A57ee0b1fb3fcec154609ec0b%40ODL.MIT.EDU", "questionId": "assessment.Item%3A57ee0b1fb3fcec154609ec0b%40ODL.MIT.EDU", "responses": [{"minStringLength": null, "itemId": "assessment.Item%3A5802203957e47513fc9e88fb%40assessment-session", "displayName": {"text": "", "languageTypeId": "639-2%3AENG%40ISO", "scriptTypeId": "15924%3ALATN%40ISO", "formatTypeId": "TextFormats%3APLAIN%40okapia.net"}, "description": {"text": "", "languageTypeId": "639-2%3AENG%40ISO", "scriptTypeId": "15924%3ALATN%40ISO", "formatTypeId": "TextFormats%3APLAIN%40okapia.net"}, "recordTypeIds": ["answer-record-type%3Aqti%40ODL.MIT.EDU", "answer-record-type%3Amulti-language-answer-with-feedback%40ODL.MIT.EDU", "answer-record-type%3Afiles%40ODL.MIT.EDU", "answer-record-type%3Aextended-text-answer%40ODL.MIT.EDU"], "text": {"text": "j;fljg'dfsj", "languageTypeId": "639-2%3AENG%40ISO", "formatTypeId": "TextFormats%3APLAIN%40okapia.net", "scriptTypeId": "15924%3ALATN%40ISO"}, "genusTypeId": "GenusType%3ADEFAULT%40DLKIT.MIT.EDU", "assignedBankIds": ["assessment.Bank%3A57ee0acdb3fcec154609eaad%40ODL.MIT.EDU"], "submissionTime": {"hour": 12, "month": 10, "second": 3, "microsecond": 361000, "year": 2016, "tzinfo": null, "day": 15, "minute": 34}, "maxStringLength": null, "_id": "5802223b57e47513fc9e8925", "feedbacks": [], "fileIds": {}}], "displayElements": [14], "assessmentPartId": "assessment_authoring.AssessmentPart%3A57ee0b25b3fcec154609ec20%40ODL.MIT.EDU", "_id": "5802203957e47513fc9e88fb"}, {"itemId": "assessment.Item%3A57ee0b25b3fcec154609ec1c%40ODL.MIT.EDU", "questionId": "assessment.Item%3A57ee0b25b3fcec154609ec1c%40ODL.MIT.EDU", "responses": [{"minStringLength": null, "itemId": "assessment.Item%3A5802203957e47513fc9e88fc%40assessment-session", "displayName": {"text": "", "languageTypeId": "639-2%3AENG%40ISO", "scriptTypeId": "15924%3ALATN%40ISO", "formatTypeId": "TextFormats%3APLAIN%40okapia.net"}, "description": {"text": "", "languageTypeId": "639-2%3AENG%40ISO", "scriptTypeId": "15924%3ALATN%40ISO", "formatTypeId": "TextFormats%3APLAIN%40okapia.net"}, "recordTypeIds": ["answer-record-type%3Aqti%40ODL.MIT.EDU", "answer-record-type%3Amulti-language-answer-with-feedback%40ODL.MIT.EDU", "answer-record-type%3Afiles%40ODL.MIT.EDU", "answer-record-type%3Aextended-text-answer%40ODL.MIT.EDU"], "text": {"text": "upougp", "languageTypeId": "639-2%3AENG%40ISO", "formatTypeId": "TextFormats%3APLAIN%40okapia.net", "scriptTypeId": "15924%3ALATN%40ISO"}, "genusTypeId": "GenusType%3ADEFAULT%40DLKIT.MIT.EDU", "assignedBankIds": ["assessment.Bank%3A57ee0acdb3fcec154609eaad%40ODL.MIT.EDU"], "submissionTime": {"hour": 12, "month": 10, "second": 17, "microsecond": 203000, "year": 2016, "tzinfo": null, "day": 15, "minute": 34}, "maxStringLength": null, "_id": "5802224857e47513fc9e892a", "feedbacks": [], "fileIds": {}}, {"minStringLength": null, "itemId": "assessment.Item%3A5802203957e47513fc9e88fc%40assessment-session", "displayName": {"text": "", "languageTypeId": "639-2%3AENG%40ISO", "scriptTypeId": "15924%3ALATN%40ISO", "formatTypeId": "TextFormats%3APLAIN%40okapia.net"}, "description": {"text": "", "languageTypeId": "639-2%3AENG%40ISO", "scriptTypeId": "15924%3ALATN%40ISO", "formatTypeId": "TextFormats%3APLAIN%40okapia.net"}, "recordTypeIds": ["answer-record-type%3Aqti%40ODL.MIT.EDU", "answer-record-type%3Amulti-language-answer-with-feedback%40ODL.MIT.EDU", "answer-record-type%3Afiles%40ODL.MIT.EDU", "answer-record-type%3Aextended-text-answer%40ODL.MIT.EDU"], "text": {"text": "upougp", "languageTypeId": "639-2%3AENG%40ISO", "formatTypeId": "TextFormats%3APLAIN%40okapia.net", "scriptTypeId": "15924%3ALATN%40ISO"}, "genusTypeId": "GenusType%3ADEFAULT%40DLKIT.MIT.EDU", "assignedBankIds": ["assessment.Bank%3A57ee0acdb3fcec154609eaad%40ODL.MIT.EDU"], "submissionTime": {"hour": 12, "month": 10, "second": 12, "microsecond": 678000, "year": 2016, "tzinfo": null, "day": 15, "minute": 34}, "maxStringLength": null, "_id": "5802224457e47513fc9e8928", "feedbacks": [], "fileIds": {}}], "displayElements": [15], "assessmentPartId": "assessment_authoring.AssessmentPart%3A57ee0b25b3fcec154609ec20%40ODL.MIT.EDU", "_id": "5802203957e47513fc9e88fc"}], "assessmentPartId": "assessment_authoring.AssessmentPart%3A57ee0b25b3fcec154609ec20%40ODL.MIT.EDU", "_id": "5802203857e47513fc9e88ed"}