{"assessmentTakenId": "assessment.AssessmentTaken%3A5802225e57e47513fc9e892b%40ODL.MIT.EDU", "recordTypeIds": [], "assessmentParts": [{"assessmentPartId": "assessment_authoring.AssessmentPart%3A57ee5efeb3fcec154609f167%40ODL.MIT.EDU", "requiresSequentialItems": false, "level": 0}], "questions": [{"itemId": "assessment.Item%3A57ee5efeb3fcec154609f163%40ODL.MIT.EDU", "questionId": "assessment.Item%3A57ee5efeb3fcec154609f163%40ODL.MIT.EDU", "responses": [{"itemId": "assessment.Item%3A57ee5efeb3fcec154609f163%40ODL.MIT.EDU", "submissionTime": null, "missingResponse": 0}], "displayElements": [1], "assessmentPartId": "assessment_authoring.AssessmentPart%3A57ee5efeb3fcec154609f167%40ODL.MIT.EDU", "_id": "5802225f57e47513fc9e892d"}], "assessmentPartId": "assessment_authoring.AssessmentPart%3A57ee5efeb3fcec154609f167%40ODL.MIT.EDU", "_id": "5802225f57e47513fc9e892c"}