{"assessmentTakenId": "assessment.AssessmentTaken%3A5802201f57e47513fc9e88e2%40ODL.MIT.EDU", "recordTypeIds": [], "assessmentParts": [{"assessmentPartId": "assessment_authoring.AssessmentPart%3A58012ba6b3fcec148d8e4b8d%40ODL.MIT.EDU", "requiresSequentialItems": false, "level": 0}], "questions": [{"itemId": "assessment.Item%3A58012b61b3fcec148d8e4b04%40ODL.MIT.EDU", "questionId": "assessment.Item%3A58012b61b3fcec148d8e4b04%40ODL.MIT.EDU", "responses": [{"minStringLength": null, "itemId": "assessment.Item%3A5802202057e47513fc9e88e4%40assessment-session", "displayName": {"text": "", "languageTypeId": "639-2%3AENG%40ISO", "scriptTypeId": "15924%3ALATN%40ISO", "formatTypeId": "TextFormats%3APLAIN%40okapia.net"}, "description": {"text": "", "languageTypeId": "639-2%3AENG%40ISO", "scriptTypeId": "15924%3ALATN%40ISO", "formatTypeId": "TextFormats%3APLAIN%40okapia.net"}, "recordTypeIds": ["answer-record-type%3Aqti%40ODL.MIT.EDU", "answer-record-type%3Amulti-language-answer-with-feedback%40ODL.MIT.EDU", "answer-record-type%3Afiles%40ODL.MIT.EDU", "answer-record-type%3Aextended-text-answer%40ODL.MIT.EDU"], "text": {"text": "dfvHDLkv", "languageTypeId": "639-2%3AENG%40ISO", "formatTypeId": "TextFormats%3APLAIN%40okapia.net", "scriptTypeId": "15924%3ALATN%40ISO"}, "genusTypeId": "GenusType%3ADEFAULT%40DLKIT.MIT.EDU", "assignedBankIds": ["assessment.Bank%3A58012b5db3fcec148d8e4af9%40ODL.MIT.EDU"], "submissionTime": {"hour": 12, "month": 10, "second": 40, "microsecond": 721000, "year": 2016, "tzinfo": null, "day": 15, "minute": 37}, "maxStringLength": null, "_id": "5802231457e47513fc9e892f", "feedbacks": [], "fileIds": {}}], "displayElements": [1], "assessmentPartId": "assessment_authoring.AssessmentPart%3A58012ba6b3fcec148d8e4b8d%40ODL.MIT.EDU", "_id": "5802202057e47513fc9e88e4"}, {"itemId": "assessment.Item%3A58012b6bb3fcec148d8e4b17%40ODL.MIT.EDU", "questionId": "assessment.Item%3A58012b6bb3fcec148d8e4b17%40ODL.MIT.EDU", "responses": [{"minStringLength": null, "itemId": "assessment.Item%3A5802202057e47513fc9e88e5%40assessment-session", "displayName": {"text": "", "languageTypeId": "639-2%3AENG%40ISO", "scriptTypeId": "15924%3ALATN%40ISO", "formatTypeId": "TextFormats%3APLAIN%40okapia.net"}, "description": {"text": "", "languageTypeId": "639-2%3AENG%40ISO", "scriptTypeId": "15924%3ALATN%40ISO", "formatTypeId": "TextFormats%3APLAIN%40okapia.net"}, "recordTypeIds": ["answer-record-type%3Aqti%40ODL.MIT.EDU", "answer-record-type%3Amulti-language-answer-with-feedback%40ODL.MIT.EDU", "answer-record-type%3Afiles%40ODL.MIT.EDU", "answer-record-type%3Aextended-text-answer%40ODL.MIT.EDU"], "text": {"text": "hkfdygkh", "languageTypeId": "639-2%3AENG%40ISO", "formatTypeId": "TextFormats%3APLAIN%40okapia.net", "scriptTypeId": "15924%3ALATN%40ISO"}, "genusTypeId": "GenusType%3ADEFAULT%40DLKIT.MIT.EDU", "assignedBankIds": ["assessment.Bank%3A58012b5db3fcec148d8e4af9%40ODL.MIT.EDU"], "submissionTime": {"hour": 12, "month": 10, "second": 47, "microsecond": 174000, "year": 2016, "tzinfo": null, "day": 15, "minute": 37}, "maxStringLength": null, "_id": "5802231a57e47513fc9e8932", "feedbacks": [], "fileIds": {}}], "displayElements": [2], "assessmentPartId": "assessment_authoring.AssessmentPart%3A58012ba6b3fcec148d8e4b8d%40ODL.MIT.EDU", "_id": "5802202057e47513fc9e88e5"}, {"itemId": "assessment.Item%3A58012b73b3fcec148d8e4b2a%40ODL.MIT.EDU", "questionId": "assessment.Item%3A58012b73b3fcec148d8e4b2a%40ODL.MIT.EDU", "responses": [{"minStringLength": null, "itemId": "assessment.Item%3A5802202057e47513fc9e88e6%40assessment-session", "displayName": {"text": "", "languageTypeId": "639-2%3AENG%40ISO", "scriptTypeId": "15924%3ALATN%40ISO", "formatTypeId": "TextFormats%3APLAIN%40okapia.net"}, "description": {"text": "", "languageTypeId": "639-2%3AENG%40ISO", "scriptTypeId": "15924%3ALATN%40ISO", "formatTypeId": "TextFormats%3APLAIN%40okapia.net"}, "recordTypeIds": ["answer-record-type%3Aqti%40ODL.MIT.EDU", "answer-record-type%3Amulti-language-answer-with-feedback%40ODL.MIT.EDU", "answer-record-type%3Afiles%40ODL.MIT.EDU", "answer-record-type%3Aextended-text-answer%40ODL.MIT.EDU"], "text": {"text": "gf", "languageTypeId": "639-2%3AENG%40ISO", "formatTypeId": "TextFormats%3APLAIN%40okapia.net", "scriptTypeId": "15924%3ALATN%40ISO"}, "genusTypeId": "GenusType%3ADEFAULT%40DLKIT.MIT.EDU", "assignedBankIds": ["assessment.Bank%3A58012b5db3fcec148d8e4af9%40ODL.MIT.EDU"], "submissionTime": {"hour": 12, "month": 10, "second": 54, "microsecond": 217000, "year": 2016, "tzinfo": null, "day": 15, "minute": 37}, "maxStringLength": null, "_id": "5802232157e47513fc9e8935", "feedbacks": [], "fileIds": {}}], "displayElements": [3], "assessmentPartId": "assessment_authoring.AssessmentPart%3A58012ba6b3fcec148d8e4b8d%40ODL.MIT.EDU", "_id": "5802202057e47513fc9e88e6"}, {"itemId": "assessment.Item%3A58012b7eb3fcec148d8e4b3d%40ODL.MIT.EDU", "questionId": "assessment.Item%3A58012b7eb3fcec148d8e4b3d%40ODL.MIT.EDU", "responses": [{"minStringLength": null, "itemId": "assessment.Item%3A5802202057e47513fc9e88e7%40assessment-session", "displayName": {"text": "", "languageTypeId": "639-2%3AENG%40ISO", "scriptTypeId": "15924%3ALATN%40ISO", "formatTypeId": "TextFormats%3APLAIN%40okapia.net"}, "description": {"text": "", "languageTypeId": "639-2%3AENG%40ISO", "scriptTypeId": "15924%3ALATN%40ISO", "formatTypeId": "TextFormats%3APLAIN%40okapia.net"}, "recordTypeIds": ["answer-record-type%3Aqti%40ODL.MIT.EDU", "answer-record-type%3Amulti-language-answer-with-feedback%40ODL.MIT.EDU", "answer-record-type%3Afiles%40ODL.MIT.EDU", "answer-record-type%3Aextended-text-answer%40ODL.MIT.EDU"], "text": {"text": "sthysrty", "languageTypeId": "639-2%3AENG%40ISO", "formatTypeId": "TextFormats%3APLAIN%40okapia.net", "scriptTypeId": "15924%3ALATN%40ISO"}, "genusTypeId": "GenusType%3ADEFAULT%40DLKIT.MIT.EDU", "assignedBankIds": ["assessment.Bank%3A58012b5db3fcec148d8e4af9%40ODL.MIT.EDU"], "submissionTime": {"hour": 12, "month": 10, "second": 0, "microsecond": 666000, "year": 2016, "tzinfo": null, "day": 15, "minute": 38}, "maxStringLength": null, "_id": "5802232857e47513fc9e8938", "feedbacks": [], "fileIds": {}}], "displayElements": [4], "assessmentPartId": "assessment_authoring.AssessmentPart%3A58012ba6b3fcec148d8e4b8d%40ODL.MIT.EDU", "_id": "5802202057e47513fc9e88e7"}, {"itemId": "assessment.Item%3A58012b89b3fcec148d8e4b50%40ODL.MIT.EDU", "questionId": "assessment.Item%3A58012b89b3fcec148d8e4b50%40ODL.MIT.EDU", "responses": [{"minStringLength": null, "itemId": "assessment.Item%3A5802202057e47513fc9e88e8%40assessment-session", "displayName": {"text": "", "languageTypeId": "639-2%3AENG%40ISO", "scriptTypeId": "15924%3ALATN%40ISO", "formatTypeId": "TextFormats%3APLAIN%40okapia.net"}, "description": {"text": "", "languageTypeId": "639-2%3AENG%40ISO", "scriptTypeId": "15924%3ALATN%40ISO", "formatTypeId": "TextFormats%3APLAIN%40okapia.net"}, "recordTypeIds": ["answer-record-type%3Aqti%40ODL.MIT.EDU", "answer-record-type%3Amulti-language-answer-with-feedback%40ODL.MIT.EDU", "answer-record-type%3Afiles%40ODL.MIT.EDU", "answer-record-type%3Aextended-text-answer%40ODL.MIT.EDU"], "text": {"text": "thystr", "languageTypeId": "639-2%3AENG%40ISO", "formatTypeId": "TextFormats%3APLAIN%40okapia.net", "scriptTypeId": "15924%3ALATN%40ISO"}, "genusTypeId": "GenusType%3ADEFAULT%40DLKIT.MIT.EDU", "assignedBankIds": ["assessment.Bank%3A58012b5db3fcec148d8e4af9%40ODL.MIT.EDU"], "submissionTime": {"hour": 12, "month": 10, "second": 7, "microsecond": 304000, "year": 2016, "tzinfo": null, "day": 15, "minute": 38}, "maxStringLength": null, "_id": "5802232f57e47513fc9e893b", "feedbacks": [], "fileIds": {}}], "displayElements": [5], "assessmentPartId": "assessment_authoring.AssessmentPart%3A58012ba6b3fcec148d8e4b8d%40ODL.MIT.EDU", "_id": "5802202057e47513fc9e88e8"}, {"itemId": "assessment.Item%3A58012b91b3fcec148d8e4b63%40ODL.MIT.EDU", "questionId": "assessment.Item%3A58012b91b3fcec148d8e4b63%40ODL.MIT.EDU", "responses": [{"minStringLength": null, "itemId": "assessment.Item%3A5802202057e47513fc9e88e9%40assessment-session", "displayName": {"text": "", "languageTypeId": "639-2%3AENG%40ISO", "scriptTypeId": "15924%3ALATN%40ISO", "formatTypeId": "TextFormats%3APLAIN%40okapia.net"}, "description": {"text": "", "languageTypeId": "639-2%3AENG%40ISO", "scriptTypeId": "15924%3ALATN%40ISO", "formatTypeId": "TextFormats%3APLAIN%40okapia.net"}, "recordTypeIds": ["answer-record-type%3Aqti%40ODL.MIT.EDU", "answer-record-type%3Amulti-language-answer-with-feedback%40ODL.MIT.EDU", "answer-record-type%3Afiles%40ODL.MIT.EDU", "answer-record-type%3Aextended-text-answer%40ODL.MIT.EDU"], "text": {"text": "eryj", "languageTypeId": "639-2%3AENG%40ISO", "formatTypeId": "TextFormats%3APLAIN%40okapia.net", "scriptTypeId": "15924%3ALATN%40ISO"}, "genusTypeId": "GenusType%3ADEFAULT%40DLKIT.MIT.EDU", "assignedBankIds": ["assessment.Bank%3A58012b5db3fcec148d8e4af9%40ODL.MIT.EDU"], "submissionTime": {"hour": 12, "month": 10, "second": 13, "microsecond": 283000, "year": 2016, "tzinfo": null, "day": 15, "minute": 38}, "maxStringLength": null, "_id": "5802233557e47513fc9e893e", "feedbacks": [], "fileIds": {}}], "displayElements": [6], "assessmentPartId": "assessment_authoring.AssessmentPart%3A58012ba6b3fcec148d8e4b8d%40ODL.MIT.EDU", "_id": "5802202057e47513fc9e88e9"}, {"itemId": "assessment.Item%3A58012b9bb3fcec148d8e4b76%40ODL.MIT.EDU", "questionId": "assessment.Item%3A58012b9bb3fcec148d8e4b76%40ODL.MIT.EDU", "responses": [{"minStringLength": null, "itemId": "assessment.Item%3A5802202057e47513fc9e88ea%40assessment-session", "displayName": {"text": "", "languageTypeId": "639-2%3AENG%40ISO", "scriptTypeId": "15924%3ALATN%40ISO", "formatTypeId": "TextFormats%3APLAIN%40okapia.net"}, "description": {"text": "", "languageTypeId": "639-2%3AENG%40ISO", "scriptTypeId": "15924%3ALATN%40ISO", "formatTypeId": "TextFormats%3APLAIN%40okapia.net"}, "recordTypeIds": ["answer-record-type%3Aqti%40ODL.MIT.EDU", "answer-record-type%3Amulti-language-answer-with-feedback%40ODL.MIT.EDU", "answer-record-type%3Afiles%40ODL.MIT.EDU", "answer-record-type%3Aextended-text-answer%40ODL.MIT.EDU"], "text": {"text": "trtyhsty", "languageTypeId": "639-2%3AENG%40ISO", "formatTypeId": "TextFormats%3APLAIN%40okapia.net", "scriptTypeId": "15924%3ALATN%40ISO"}, "genusTypeId": "GenusType%3ADEFAULT%40DLKIT.MIT.EDU", "assignedBankIds": ["assessment.Bank%3A58012b5db3fcec148d8e4af9%40ODL.MIT.EDU"], "submissionTime": {"hour": 12, "month": 10, "second": 20, "microsecond": 12000, "year": 2016, "tzinfo": null, "day": 15, "minute": 38}, "maxStringLength": null, "_id": "5802233b57e47513fc9e8941", "feedbacks": [], "fileIds": {}}], "displayElements": [7], "assessmentPartId": "assessment_authoring.AssessmentPart%3A58012ba6b3fcec148d8e4b8d%40ODL.MIT.EDU", "_id": "5802202057e47513fc9e88ea"}, {"itemId": "assessment.Item%3A58012ba6b3fcec148d8e4b89%40ODL.MIT.EDU", "questionId": "assessment.Item%3A58012ba6b3fcec148d8e4b89%40ODL.MIT.EDU", "responses": [{"minStringLength": null, "itemId": "assessment.Item%3A5802202057e47513fc9e88eb%40assessment-session", "displayName": {"text": "", "languageTypeId": "639-2%3AENG%40ISO", "scriptTypeId": "15924%3ALATN%40ISO", "formatTypeId": "TextFormats%3APLAIN%40okapia.net"}, "description": {"text": "", "languageTypeId": "639-2%3AENG%40ISO", "scriptTypeId": "15924%3ALATN%40ISO", "formatTypeId": "TextFormats%3APLAIN%40okapia.net"}, "recordTypeIds": ["answer-record-type%3Aqti%40ODL.MIT.EDU", "answer-record-type%3Amulti-language-answer-with-feedback%40ODL.MIT.EDU", "answer-record-type%3Afiles%40ODL.MIT.EDU", "answer-record-type%3Aextended-text-answer%40ODL.MIT.EDU"], "text": {"text": "sdfhsg", "languageTypeId": "639-2%3AENG%40ISO", "formatTypeId": "TextFormats%3APLAIN%40okapia.net", "scriptTypeId": "15924%3ALATN%40ISO"}, "genusTypeId": "GenusType%3ADEFAULT%40DLKIT.MIT.EDU", "assignedBankIds": ["assessment.Bank%3A58012b5db3fcec148d8e4af9%40ODL.MIT.EDU"], "submissionTime": {"hour": 12, "month": 10, "second": 31, "microsecond": 165000, "year": 2016, "tzinfo": null, "day": 15, "minute": 38}, "maxStringLength": null, "_id": "5802234657e47513fc9e8946", "feedbacks": [], "fileIds": {}}, {"minStringLength": null, "itemId": "assessment.Item%3A5802202057e47513fc9e88eb%40assessment-session", "displayName": {"text": "", "languageTypeId": "639-2%3AENG%40ISO", "scriptTypeId": "15924%3ALATN%40ISO", "formatTypeId": "TextFormats%3APLAIN%40okapia.net"}, "description": {"text": "", "languageTypeId": "639-2%3AENG%40ISO", "scriptTypeId": "15924%3ALATN%40ISO", "formatTypeId": "TextFormats%3APLAIN%40okapia.net"}, "recordTypeIds": ["answer-record-type%3Aqti%40ODL.MIT.EDU", "answer-record-type%3Amulti-language-answer-with-feedback%40ODL.MIT.EDU", "answer-record-type%3Afiles%40ODL.MIT.EDU", "answer-record-type%3Aextended-text-answer%40ODL.MIT.EDU"], "text": {"text": "sdfhsg", "languageTypeId": "639-2%3AENG%40ISO", "formatTypeId": "TextFormats%3APLAIN%40okapia.net", "scriptTypeId": "15924%3ALATN%40ISO"}, "genusTypeId": "GenusType%3ADEFAULT%40DLKIT.MIT.EDU", "assignedBankIds": ["assessment.Bank%3A58012b5db3fcec148d8e4af9%40ODL.MIT.EDU"], "submissionTime": {"hour": 12, "month": 10, "second": 26, "microsecond": 494000, "year": 2016, "tzinfo": null, "day": 15, "minute": 38}, "maxStringLength": null, "_id": "5802234257e47513fc9e8944", "feedbacks": [], "fileIds": {}}], "displayElements": [8], "assessmentPartId": "assessment_authoring.AssessmentPart%3A58012ba6b3fcec148d8e4b8d%40ODL.MIT.EDU", "_id": "5802202057e47513fc9e88eb"}], "assessmentPartId": "assessment_authoring.AssessmentPart%3A58012ba6b3fcec148d8e4b8d%40ODL.MIT.EDU", "_id": "5802202057e47513fc9e88e3"}