{"assessmentTakenId": "assessment.AssessmentTaken%3A58022d5457e47513fc9e8947%40ODL.MIT.EDU", "recordTypeIds": [], "assessmentParts": [{"assessmentPartId": "assessment_authoring.AssessmentPart%3A57ee0b25b3fcec154609ec20%40ODL.MIT.EDU", "requiresSequentialItems": false, "level": 0}], "questions": [{"itemId": "assessment.Item%3A57ee0ad0b3fcec154609eab7%40ODL.MIT.EDU", "questionId": "assessment.Item%3A57ee0ad0b3fcec154609eab7%40ODL.MIT.EDU", "responses": [{"itemId": "assessment.Item%3A57ee0ad0b3fcec154609eab7%40ODL.MIT.EDU", "submissionTime": null, "missingResponse": 0}], "displayElements": [1], "assessmentPartId": "assessment_authoring.AssessmentPart%3A57ee0b25b3fcec154609ec20%40ODL.MIT.EDU", "_id": "58022d5557e47513fc9e8949"}, {"itemId": "assessment.Item%3A57ee0ad6b3fcec154609eadc%40ODL.MIT.EDU", "questionId": "assessment.Item%3A57ee0ad6b3fcec154609eadc%40ODL.MIT.EDU", "responses": [{"itemId": "assessment.Item%3A57ee0ad6b3fcec154609eadc%40ODL.MIT.EDU", "submissionTime": null, "missingResponse": 0}], "displayElements": [2], "assessmentPartId": "assessment_authoring.AssessmentPart%3A57ee0b25b3fcec154609ec20%40ODL.MIT.EDU", "_id": "58022d5557e47513fc9e894a"}, {"itemId": "assessment.Item%3A57ee0adcb3fcec154609eaf7%40ODL.MIT.EDU", "questionId": "assessment.Item%3A57ee0adcb3fcec154609eaf7%40ODL.MIT.EDU", "responses": [{"itemId": "assessment.Item%3A57ee0adcb3fcec154609eaf7%40ODL.MIT.EDU", "submissionTime": null, "missingResponse": 0}], "displayElements": [3], "assessmentPartId": "assessment_authoring.AssessmentPart%3A57ee0b25b3fcec154609ec20%40ODL.MIT.EDU", "_id": "58022d5557e47513fc9e894b"}, {"itemId": "assessment.Item%3A57ee0ae3b3fcec154609eb12%40ODL.MIT.EDU", "questionId": "assessment.Item%3A57ee0ae3b3fcec154609eb12%40ODL.MIT.EDU", "responses": [{"itemId": "assessment.Item%3A57ee0ae3b3fcec154609eb12%40ODL.MIT.EDU", "submissionTime": null, "missingResponse": 0}], "displayElements": [4], "assessmentPartId": "assessment_authoring.AssessmentPart%3A57ee0b25b3fcec154609ec20%40ODL.MIT.EDU", "_id": "58022d5557e47513fc9e894c"}, {"itemId": "assessment.Item%3A57ee0ae8b3fcec154609eb29%40ODL.MIT.EDU", "questionId": "assessment.Item%3A57ee0ae8b3fcec154609eb29%40ODL.MIT.EDU", "responses": [{"itemId": "assessment.Item%3A57ee0ae8b3fcec154609eb29%40ODL.MIT.EDU", "submissionTime": null, "missingResponse": 0}], "displayElements": [5], "assessmentPartId": "assessment_authoring.AssessmentPart%3A57ee0b25b3fcec154609ec20%40ODL.MIT.EDU", "_id": "58022d5557e47513fc9e894d"}, {"itemId": "assessment.Item%3A57ee0af0b3fcec154609eb4d%40ODL.MIT.EDU", "questionId": "assessment.Item%3A57ee0af0b3fcec154609eb4d%40ODL.MIT.EDU", "responses": [{"itemId": "assessment.Item%3A57ee0af0b3fcec154609eb4d%40ODL.MIT.EDU", "submissionTime": null, "missingResponse": 0}], "displayElements": [6], "assessmentPartId": "assessment_authoring.AssessmentPart%3A57ee0b25b3fcec154609ec20%40ODL.MIT.EDU", "_id": "58022d5557e47513fc9e894e"}, {"itemId": "assessment.Item%3A57ee0af6b3fcec154609eb68%40ODL.MIT.EDU", "questionId": "assessment.Item%3A57ee0af6b3fcec154609eb68%40ODL.MIT.EDU", "responses": [{"itemId": "assessment.Item%3A57ee0af6b3fcec154609eb68%40ODL.MIT.EDU", "submissionTime": null, "missingResponse": 0}], "displayElements": [7], "assessmentPartId": "assessment_authoring.AssessmentPart%3A57ee0b25b3fcec154609ec20%40ODL.MIT.EDU", "_id": "58022d5557e47513fc9e894f"}, {"itemId": "assessment.Item%3A57ee0afbb3fcec154609eb7f%40ODL.MIT.EDU", "questionId": "assessment.Item%3A57ee0afbb3fcec154609eb7f%40ODL.MIT.EDU", "responses": [{"itemId": "assessment.Item%3A57ee0afbb3fcec154609eb7f%40ODL.MIT.EDU", "submissionTime": null, "missingResponse": 0}], "displayElements": [8], "assessmentPartId": "assessment_authoring.AssessmentPart%3A57ee0b25b3fcec154609ec20%40ODL.MIT.EDU", "_id": "58022d5557e47513fc9e8950"}, {"itemId": "assessment.Item%3A57ee0b01b3fcec154609eb9a%40ODL.MIT.EDU", "questionId": "assessment.Item%3A57ee0b01b3fcec154609eb9a%40ODL.MIT.EDU", "responses": [{"itemId": "assessment.Item%3A57ee0b01b3fcec154609eb9a%40ODL.MIT.EDU", "submissionTime": null, "missingResponse": 0}], "displayElements": [9], "assessmentPartId": "assessment_authoring.AssessmentPart%3A57ee0b25b3fcec154609ec20%40ODL.MIT.EDU", "_id": "58022d5557e47513fc9e8951"}, {"itemId": "assessment.Item%3A57ee0b07b3fcec154609ebb5%40ODL.MIT.EDU", "questionId": "assessment.Item%3A57ee0b07b3fcec154609ebb5%40ODL.MIT.EDU", "responses": [{"itemId": "assessment.Item%3A57ee0b07b3fcec154609ebb5%40ODL.MIT.EDU", "submissionTime": null, "missingResponse": 0}], "displayElements": [10], "assessmentPartId": "assessment_authoring.AssessmentPart%3A57ee0b25b3fcec154609ec20%40ODL.MIT.EDU", "_id": "58022d5557e47513fc9e8952"}, {"itemId": "assessment.Item%3A57ee0b0db3fcec154609ebca%40ODL.MIT.EDU", "questionId": "assessment.Item%3A57ee0b0db3fcec154609ebca%40ODL.MIT.EDU", "responses": [{"itemId": "assessment.Item%3A57ee0b0db3fcec154609ebca%40ODL.MIT.EDU", "submissionTime": null, "missingResponse": 0}], "displayElements": [11], "assessmentPartId": "assessment_authoring.AssessmentPart%3A57ee0b25b3fcec154609ec20%40ODL.MIT.EDU", "_id": "58022d5557e47513fc9e8953"}, {"itemId": "assessment.Item%3A57ee0b13b3fcec154609ebe1%40ODL.MIT.EDU", "questionId": "assessment.Item%3A57ee0b13b3fcec154609ebe1%40ODL.MIT.EDU", "responses": [{"itemId": "assessment.Item%3A57ee0b13b3fcec154609ebe1%40ODL.MIT.EDU", "submissionTime": null, "missingResponse": 0}], "displayElements": [12], "assessmentPartId": "assessment_authoring.AssessmentPart%3A57ee0b25b3fcec154609ec20%40ODL.MIT.EDU", "_id": "58022d5557e47513fc9e8954"}, {"itemId": "assessment.Item%3A57ee0b19b3fcec154609ebf6%40ODL.MIT.EDU", "questionId": "assessment.Item%3A57ee0b19b3fcec154609ebf6%40ODL.MIT.EDU", "responses": [{"itemId": "assessment.Item%3A57ee0b19b3fcec154609ebf6%40ODL.MIT.EDU", "submissionTime": null, "missingResponse": 0}], "displayElements": [13], "assessmentPartId": "assessment_authoring.AssessmentPart%3A57ee0b25b3fcec154609ec20%40ODL.MIT.EDU", "_id": "58022d5557e47513fc9e8955"}, {"itemId": "assessment.Item%3A57ee0b1fb3fcec154609ec0b%40ODL.MIT.EDU", "questionId": "assessment.Item%3A57ee0b1fb3fcec154609ec0b%40ODL.MIT.EDU", "responses": [{"itemId": "assessment.Item%3A57ee0b1fb3fcec154609ec0b%40ODL.MIT.EDU", "submissionTime": null, "missingResponse": 0}], "displayElements": [14], "assessmentPartId": "assessment_authoring.AssessmentPart%3A57ee0b25b3fcec154609ec20%40ODL.MIT.EDU", "_id": "58022d5557e47513fc9e8956"}, {"itemId": "assessment.Item%3A57ee0b25b3fcec154609ec1c%40ODL.MIT.EDU", "questionId": "assessment.Item%3A57ee0b25b3fcec154609ec1c%40ODL.MIT.EDU", "responses": [{"itemId": "assessment.Item%3A57ee0b25b3fcec154609ec1c%40ODL.MIT.EDU", "submissionTime": null, "missingResponse": 0}], "displayElements": [15], "assessmentPartId": "assessment_authoring.AssessmentPart%3A57ee0b25b3fcec154609ec20%40ODL.MIT.EDU", "_id": "58022d5557e47513fc9e8957"}], "assessmentPartId": "assessment_authoring.AssessmentPart%3A57ee0b25b3fcec154609ec20%40ODL.MIT.EDU", "_id": "58022d5457e47513fc9e8948"}