{"assessmentTakenId": "assessment.AssessmentTaken%3A580373ce57e4750ba80c31f8%40ODL.MIT.EDU", "recordTypeIds": [], "assessmentParts": [{"assessmentPartId": "assessment_authoring.AssessmentPart%3A57ea291ab3fcec1309c4ef82%40ODL.MIT.EDU", "requiresSequentialItems": false, "level": 0}], "questions": [{"itemId": "assessment.Item%3A57ea291ab3fcec1309c4ef7f%40ODL.MIT.EDU", "questionId": "assessment.Item%3A57ea291ab3fcec1309c4ef7f%40ODL.MIT.EDU", "responses": [{"itemId": "assessment.Item%3A57ea291ab3fcec1309c4ef7f%40ODL.MIT.EDU", "submissionTime": null, "missingResponse": 0}], "displayElements": [1], "assessmentPartId": "assessment_authoring.AssessmentPart%3A57ea291ab3fcec1309c4ef82%40ODL.MIT.EDU", "_id": "580373ce57e4750ba80c31fa"}], "assessmentPartId": "assessment_authoring.AssessmentPart%3A57ea291ab3fcec1309c4ef82%40ODL.MIT.EDU", "_id": "580373ce57e4750ba80c31f9"}