{"assessmentTakenId": "assessment.AssessmentTaken%3A58035229ebff700d90b88f1e%40ODL.MIT.EDU", "recordTypeIds": [], "assessmentParts": [{"assessmentPartId": "assessment_authoring.AssessmentPart%3A57ea257fb3fcec1309c4edfc%40ODL.MIT.EDU", "requiresSequentialItems": false, "level": 0}], "questions": [{"itemId": "assessment.Item%3A57ea257fb3fcec1309c4edf8%40ODL.MIT.EDU", "questionId": "assessment.Item%3A57ea257fb3fcec1309c4edf8%40ODL.MIT.EDU", "responses": [{"itemId": "assessment.Item%3A57ea257fb3fcec1309c4edf8%40ODL.MIT.EDU", "submissionTime": null, "missingResponse": 0}], "displayElements": [1], "assessmentPartId": "assessment_authoring.AssessmentPart%3A57ea257fb3fcec1309c4edfc%40ODL.MIT.EDU", "_id": "5803522aebff700d90b88f20"}], "assessmentPartId": "assessment_authoring.AssessmentPart%3A57ea257fb3fcec1309c4edfc%40ODL.MIT.EDU", "_id": "58035229ebff700d90b88f1f"}