{"assessmentTakenId": "assessment.AssessmentTaken%3A5803541cebff700d90b88f24%40ODL.MIT.EDU", "recordTypeIds": [], "assessmentParts": [{"assessmentPartId": "assessment_authoring.AssessmentPart%3A57ee0b25b3fcec154609ec20%40ODL.MIT.EDU", "requiresSequentialItems": false, "level": 0}], "questions": [{"itemId": "assessment.Item%3A57ee0ad0b3fcec154609eab7%40ODL.MIT.EDU", "questionId": "assessment.Item%3A57ee0ad0b3fcec154609eab7%40ODL.MIT.EDU", "responses": [{"itemId": "assessment.Item%3A5803541debff700d90b88f26%40assessment-session", "displayName": {"text": "", "languageTypeId": "639-2%3AENG%40ISO", "scriptTypeId": "15924%3ALATN%40ISO", "formatTypeId": "TextFormats%3APLAIN%40okapia.net"}, "description": {"text": "", "languageTypeId": "639-2%3AENG%40ISO", "scriptTypeId": "15924%3ALATN%40ISO", "formatTypeId": "TextFormats%3APLAIN%40okapia.net"}, "recordTypeIds": ["answer-record-type%3Aqti%40ODL.MIT.EDU", "answer-record-type%3Amulti-language-answer-with-feedback%40ODL.MIT.EDU", "answer-record-type%3Afiles%40ODL.MIT.EDU", "answer-record-type%3Amulti-choice-answer%40ODL.MIT.EDU"], "choiceIds": ["id887a3e44-4e4a-419d-88de-b96b19c922ad"], "genusTypeId": "GenusType%3ADEFAULT%40DLKIT.MIT.EDU", "assignedBankIds": ["assessment.Bank%3A57ee0acdb3fcec154609eaad%40ODL.MIT.EDU"], "submissionTime": {"hour": 10, "month": 10, "second": 16, "microsecond": 972000, "year": 2016, "tzinfo": null, "day": 16, "minute": 19}, "_id": "58035424ebff700d90b88f36", "feedbacks": [], "fileIds": {}}], "displayElements": [1], "assessmentPartId": "assessment_authoring.AssessmentPart%3A57ee0b25b3fcec154609ec20%40ODL.MIT.EDU", "_id": "5803541debff700d90b88f26"}, {"itemId": "assessment.Item%3A57ee0ad6b3fcec154609eadc%40ODL.MIT.EDU", "questionId": "assessment.Item%3A57ee0ad6b3fcec154609eadc%40ODL.MIT.EDU", "responses": [{"itemId": "assessment.Item%3A5803541debff700d90b88f27%40assessment-session", "displayName": {"text": "", "languageTypeId": "639-2%3AENG%40ISO", "scriptTypeId": "15924%3ALATN%40ISO", "formatTypeId": "TextFormats%3APLAIN%40okapia.net"}, "description": {"text": "", "languageTypeId": "639-2%3AENG%40ISO", "scriptTypeId": "15924%3ALATN%40ISO", "formatTypeId": "TextFormats%3APLAIN%40okapia.net"}, "recordTypeIds": ["answer-record-type%3Aqti%40ODL.MIT.EDU", "answer-record-type%3Amulti-language-answer-with-feedback%40ODL.MIT.EDU", "answer-record-type%3Afiles%40ODL.MIT.EDU", "answer-record-type%3Amulti-choice-answer%40ODL.MIT.EDU"], "choiceIds": ["id6303dced-36a9-41c2-b323-f3504e57d6c9"], "genusTypeId": "GenusType%3ADEFAULT%40DLKIT.MIT.EDU", "assignedBankIds": ["assessment.Bank%3A57ee0acdb3fcec154609eaad%40ODL.MIT.EDU"], "submissionTime": {"hour": 10, "month": 10, "second": 8, "microsecond": 628000, "year": 2016, "tzinfo": null, "day": 16, "minute": 20}, "_id": "58035458ebff700d90b88f39", "feedbacks": [], "fileIds": {}}], "displayElements": [2], "assessmentPartId": "assessment_authoring.AssessmentPart%3A57ee0b25b3fcec154609ec20%40ODL.MIT.EDU", "_id": "5803541debff700d90b88f27"}, {"itemId": "assessment.Item%3A57ee0adcb3fcec154609eaf7%40ODL.MIT.EDU", "questionId": "assessment.Item%3A57ee0adcb3fcec154609eaf7%40ODL.MIT.EDU", "responses": [{"itemId": "assessment.Item%3A5803541debff700d90b88f28%40assessment-session", "displayName": {"text": "", "languageTypeId": "639-2%3AENG%40ISO", "scriptTypeId": "15924%3ALATN%40ISO", "formatTypeId": "TextFormats%3APLAIN%40okapia.net"}, "description": {"text": "", "languageTypeId": "639-2%3AENG%40ISO", "scriptTypeId": "15924%3ALATN%40ISO", "formatTypeId": "TextFormats%3APLAIN%40okapia.net"}, "recordTypeIds": ["answer-record-type%3Aqti%40ODL.MIT.EDU", "answer-record-type%3Amulti-language-answer-with-feedback%40ODL.MIT.EDU", "answer-record-type%3Afiles%40ODL.MIT.EDU", "answer-record-type%3Amulti-choice-answer%40ODL.MIT.EDU"], "choiceIds": ["id1307e717-d861-4e62-bf5d-cb48a80a3bf1"], "genusTypeId": "GenusType%3ADEFAULT%40DLKIT.MIT.EDU", "assignedBankIds": ["assessment.Bank%3A57ee0acdb3fcec154609eaad%40ODL.MIT.EDU"], "submissionTime": {"hour": 10, "month": 10, "second": 17, "microsecond": 564000, "year": 2016, "tzinfo": null, "day": 16, "minute": 20}, "_id": "58035461ebff700d90b88f3c", "feedbacks": [], "fileIds": {}}], "displayElements": [3], "assessmentPartId": "assessment_authoring.AssessmentPart%3A57ee0b25b3fcec154609ec20%40ODL.MIT.EDU", "_id": "5803541debff700d90b88f28"}, {"itemId": "assessment.Item%3A57ee0ae3b3fcec154609eb12%40ODL.MIT.EDU", "questionId": "assessment.Item%3A57ee0ae3b3fcec154609eb12%40ODL.MIT.EDU", "responses": [{"itemId": "assessment.Item%3A57ee0ae3b3fcec154609eb12%40ODL.MIT.EDU", "submissionTime": null, "missingResponse": 0}], "displayElements": [4], "assessmentPartId": "assessment_authoring.AssessmentPart%3A57ee0b25b3fcec154609ec20%40ODL.MIT.EDU", "_id": "5803541debff700d90b88f29"}, {"itemId": "assessment.Item%3A57ee0ae8b3fcec154609eb29%40ODL.MIT.EDU", "questionId": "assessment.Item%3A57ee0ae8b3fcec154609eb29%40ODL.MIT.EDU", "responses": [{"itemId": "assessment.Item%3A57ee0ae8b3fcec154609eb29%40ODL.MIT.EDU", "submissionTime": null, "missingResponse": 0}], "displayElements": [5], "assessmentPartId": "assessment_authoring.AssessmentPart%3A57ee0b25b3fcec154609ec20%40ODL.MIT.EDU", "_id": "5803541debff700d90b88f2a"}, {"itemId": "assessment.Item%3A57ee0af0b3fcec154609eb4d%40ODL.MIT.EDU", "questionId": "assessment.Item%3A57ee0af0b3fcec154609eb4d%40ODL.MIT.EDU", "responses": [{"itemId": "assessment.Item%3A57ee0af0b3fcec154609eb4d%40ODL.MIT.EDU", "submissionTime": null, "missingResponse": 0}], "displayElements": [6], "assessmentPartId": "assessment_authoring.AssessmentPart%3A57ee0b25b3fcec154609ec20%40ODL.MIT.EDU", "_id": "5803541debff700d90b88f2b"}, {"itemId": "assessment.Item%3A57ee0af6b3fcec154609eb68%40ODL.MIT.EDU", "questionId": "assessment.Item%3A57ee0af6b3fcec154609eb68%40ODL.MIT.EDU", "responses": [{"itemId": "assessment.Item%3A57ee0af6b3fcec154609eb68%40ODL.MIT.EDU", "submissionTime": null, "missingResponse": 0}], "displayElements": [7], "assessmentPartId": "assessment_authoring.AssessmentPart%3A57ee0b25b3fcec154609ec20%40ODL.MIT.EDU", "_id": "5803541debff700d90b88f2c"}, {"itemId": "assessment.Item%3A57ee0afbb3fcec154609eb7f%40ODL.MIT.EDU", "questionId": "assessment.Item%3A57ee0afbb3fcec154609eb7f%40ODL.MIT.EDU", "responses": [{"itemId": "assessment.Item%3A57ee0afbb3fcec154609eb7f%40ODL.MIT.EDU", "submissionTime": null, "missingResponse": 0}], "displayElements": [8], "assessmentPartId": "assessment_authoring.AssessmentPart%3A57ee0b25b3fcec154609ec20%40ODL.MIT.EDU", "_id": "5803541debff700d90b88f2d"}, {"itemId": "assessment.Item%3A57ee0b01b3fcec154609eb9a%40ODL.MIT.EDU", "questionId": "assessment.Item%3A57ee0b01b3fcec154609eb9a%40ODL.MIT.EDU", "responses": [{"itemId": "assessment.Item%3A57ee0b01b3fcec154609eb9a%40ODL.MIT.EDU", "submissionTime": null, "missingResponse": 0}], "displayElements": [9], "assessmentPartId": "assessment_authoring.AssessmentPart%3A57ee0b25b3fcec154609ec20%40ODL.MIT.EDU", "_id": "5803541debff700d90b88f2e"}, {"itemId": "assessment.Item%3A57ee0b07b3fcec154609ebb5%40ODL.MIT.EDU", "questionId": "assessment.Item%3A57ee0b07b3fcec154609ebb5%40ODL.MIT.EDU", "responses": [{"itemId": "assessment.Item%3A57ee0b07b3fcec154609ebb5%40ODL.MIT.EDU", "submissionTime": null, "missingResponse": 0}], "displayElements": [10], "assessmentPartId": "assessment_authoring.AssessmentPart%3A57ee0b25b3fcec154609ec20%40ODL.MIT.EDU", "_id": "5803541debff700d90b88f2f"}, {"itemId": "assessment.Item%3A57ee0b0db3fcec154609ebca%40ODL.MIT.EDU", "questionId": "assessment.Item%3A57ee0b0db3fcec154609ebca%40ODL.MIT.EDU", "responses": [{"itemId": "assessment.Item%3A57ee0b0db3fcec154609ebca%40ODL.MIT.EDU", "submissionTime": null, "missingResponse": 0}], "displayElements": [11], "assessmentPartId": "assessment_authoring.AssessmentPart%3A57ee0b25b3fcec154609ec20%40ODL.MIT.EDU", "_id": "5803541debff700d90b88f30"}, {"itemId": "assessment.Item%3A57ee0b13b3fcec154609ebe1%40ODL.MIT.EDU", "questionId": "assessment.Item%3A57ee0b13b3fcec154609ebe1%40ODL.MIT.EDU", "responses": [{"itemId": "assessment.Item%3A57ee0b13b3fcec154609ebe1%40ODL.MIT.EDU", "submissionTime": null, "missingResponse": 0}], "displayElements": [12], "assessmentPartId": "assessment_authoring.AssessmentPart%3A57ee0b25b3fcec154609ec20%40ODL.MIT.EDU", "_id": "5803541debff700d90b88f31"}, {"itemId": "assessment.Item%3A57ee0b19b3fcec154609ebf6%40ODL.MIT.EDU", "questionId": "assessment.Item%3A57ee0b19b3fcec154609ebf6%40ODL.MIT.EDU", "responses": [{"itemId": "assessment.Item%3A57ee0b19b3fcec154609ebf6%40ODL.MIT.EDU", "submissionTime": null, "missingResponse": 0}], "displayElements": [13], "assessmentPartId": "assessment_authoring.AssessmentPart%3A57ee0b25b3fcec154609ec20%40ODL.MIT.EDU", "_id": "5803541debff700d90b88f32"}, {"itemId": "assessment.Item%3A57ee0b1fb3fcec154609ec0b%40ODL.MIT.EDU", "questionId": "assessment.Item%3A57ee0b1fb3fcec154609ec0b%40ODL.MIT.EDU", "responses": [{"itemId": "assessment.Item%3A57ee0b1fb3fcec154609ec0b%40ODL.MIT.EDU", "submissionTime": null, "missingResponse": 0}], "displayElements": [14], "assessmentPartId": "assessment_authoring.AssessmentPart%3A57ee0b25b3fcec154609ec20%40ODL.MIT.EDU", "_id": "5803541debff700d90b88f33"}, {"itemId": "assessment.Item%3A57ee0b25b3fcec154609ec1c%40ODL.MIT.EDU", "questionId": "assessment.Item%3A57ee0b25b3fcec154609ec1c%40ODL.MIT.EDU", "responses": [{"itemId": "assessment.Item%3A57ee0b25b3fcec154609ec1c%40ODL.MIT.EDU", "submissionTime": null, "missingResponse": 0}], "displayElements": [15], "assessmentPartId": "assessment_authoring.AssessmentPart%3A57ee0b25b3fcec154609ec20%40ODL.MIT.EDU", "_id": "5803541debff700d90b88f34"}], "assessmentPartId": "assessment_authoring.AssessmentPart%3A57ee0b25b3fcec154609ec20%40ODL.MIT.EDU", "_id": "5803541cebff700d90b88f25"}