{"assessmentTakenId": "assessment.AssessmentTaken%3A5803751057e4750ba80c31fb%40ODL.MIT.EDU", "recordTypeIds": [], "assessmentParts": [{"assessmentPartId": "assessment_authoring.AssessmentPart%3A58012ba6b3fcec148d8e4b8d%40ODL.MIT.EDU", "requiresSequentialItems": false, "level": 0}], "questions": [{"itemId": "assessment.Item%3A58012b61b3fcec148d8e4b04%40ODL.MIT.EDU", "questionId": "assessment.Item%3A58012b61b3fcec148d8e4b04%40ODL.MIT.EDU", "responses": [{"itemId": "assessment.Item%3A58012b61b3fcec148d8e4b04%40ODL.MIT.EDU", "submissionTime": null, "missingResponse": 0}], "displayElements": [1], "assessmentPartId": "assessment_authoring.AssessmentPart%3A58012ba6b3fcec148d8e4b8d%40ODL.MIT.EDU", "_id": "5803751157e4750ba80c31fd"}, {"itemId": "assessment.Item%3A58012b6bb3fcec148d8e4b17%40ODL.MIT.EDU", "questionId": "assessment.Item%3A58012b6bb3fcec148d8e4b17%40ODL.MIT.EDU", "responses": [{"itemId": "assessment.Item%3A58012b6bb3fcec148d8e4b17%40ODL.MIT.EDU", "submissionTime": null, "missingResponse": 0}], "displayElements": [2], "assessmentPartId": "assessment_authoring.AssessmentPart%3A58012ba6b3fcec148d8e4b8d%40ODL.MIT.EDU", "_id": "5803751157e4750ba80c31fe"}, {"itemId": "assessment.Item%3A58012b73b3fcec148d8e4b2a%40ODL.MIT.EDU", "questionId": "assessment.Item%3A58012b73b3fcec148d8e4b2a%40ODL.MIT.EDU", "responses": [{"itemId": "assessment.Item%3A58012b73b3fcec148d8e4b2a%40ODL.MIT.EDU", "submissionTime": null, "missingResponse": 0}], "displayElements": [3], "assessmentPartId": "assessment_authoring.AssessmentPart%3A58012ba6b3fcec148d8e4b8d%40ODL.MIT.EDU", "_id": "5803751157e4750ba80c31ff"}, {"itemId": "assessment.Item%3A58012b7eb3fcec148d8e4b3d%40ODL.MIT.EDU", "questionId": "assessment.Item%3A58012b7eb3fcec148d8e4b3d%40ODL.MIT.EDU", "responses": [{"itemId": "assessment.Item%3A58012b7eb3fcec148d8e4b3d%40ODL.MIT.EDU", "submissionTime": null, "missingResponse": 0}], "displayElements": [4], "assessmentPartId": "assessment_authoring.AssessmentPart%3A58012ba6b3fcec148d8e4b8d%40ODL.MIT.EDU", "_id": "5803751157e4750ba80c3200"}, {"itemId": "assessment.Item%3A58012b89b3fcec148d8e4b50%40ODL.MIT.EDU", "questionId": "assessment.Item%3A58012b89b3fcec148d8e4b50%40ODL.MIT.EDU", "responses": [{"itemId": "assessment.Item%3A58012b89b3fcec148d8e4b50%40ODL.MIT.EDU", "submissionTime": null, "missingResponse": 0}], "displayElements": [5], "assessmentPartId": "assessment_authoring.AssessmentPart%3A58012ba6b3fcec148d8e4b8d%40ODL.MIT.EDU", "_id": "5803751157e4750ba80c3201"}, {"itemId": "assessment.Item%3A58012b91b3fcec148d8e4b63%40ODL.MIT.EDU", "questionId": "assessment.Item%3A58012b91b3fcec148d8e4b63%40ODL.MIT.EDU", "responses": [{"itemId": "assessment.Item%3A58012b91b3fcec148d8e4b63%40ODL.MIT.EDU", "submissionTime": null, "missingResponse": 0}], "displayElements": [6], "assessmentPartId": "assessment_authoring.AssessmentPart%3A58012ba6b3fcec148d8e4b8d%40ODL.MIT.EDU", "_id": "5803751157e4750ba80c3202"}, {"itemId": "assessment.Item%3A58012b9bb3fcec148d8e4b76%40ODL.MIT.EDU", "questionId": "assessment.Item%3A58012b9bb3fcec148d8e4b76%40ODL.MIT.EDU", "responses": [{"itemId": "assessment.Item%3A58012b9bb3fcec148d8e4b76%40ODL.MIT.EDU", "submissionTime": null, "missingResponse": 0}], "displayElements": [7], "assessmentPartId": "assessment_authoring.AssessmentPart%3A58012ba6b3fcec148d8e4b8d%40ODL.MIT.EDU", "_id": "5803751157e4750ba80c3203"}, {"itemId": "assessment.Item%3A58012ba6b3fcec148d8e4b89%40ODL.MIT.EDU", "questionId": "assessment.Item%3A58012ba6b3fcec148d8e4b89%40ODL.MIT.EDU", "responses": [{"itemId": "assessment.Item%3A58012ba6b3fcec148d8e4b89%40ODL.MIT.EDU", "submissionTime": null, "missingResponse": 0}], "displayElements": [8], "assessmentPartId": "assessment_authoring.AssessmentPart%3A58012ba6b3fcec148d8e4b8d%40ODL.MIT.EDU", "_id": "5803751157e4750ba80c3204"}], "assessmentPartId": "assessment_authoring.AssessmentPart%3A58012ba6b3fcec148d8e4b8d%40ODL.MIT.EDU", "_id": "5803751157e4750ba80c31fc"}