{"assessmentTakenId": "assessment.AssessmentTaken%3A58034fb8ebff700d90b88f14%40ODL.MIT.EDU", "recordTypeIds": [], "assessmentParts": [{"assessmentPartId": "assessment_authoring.AssessmentPart%3A57ea25b3b3fcec1309c4ee3a%40ODL.MIT.EDU", "requiresSequentialItems": false, "level": 0}], "questions": [{"itemId": "assessment.Item%3A57ea25b3b3fcec1309c4ee35%40ODL.MIT.EDU", "questionId": "assessment.Item%3A57ea25b3b3fcec1309c4ee35%40ODL.MIT.EDU", "responses": [{"itemId": "assessment.Item%3A57ea25b3b3fcec1309c4ee35%40ODL.MIT.EDU", "submissionTime": null, "missingResponse": 0}], "displayElements": [1], "assessmentPartId": "assessment_authoring.AssessmentPart%3A57ea25b3b3fcec1309c4ee3a%40ODL.MIT.EDU", "_id": "58034fbbebff700d90b88f16"}], "assessmentPartId": "assessment_authoring.AssessmentPart%3A57ea25b3b3fcec1309c4ee3a%40ODL.MIT.EDU", "_id": "58034fb9ebff700d90b88f15"}