{"assessmentTakenId": "assessment.AssessmentTaken%3A5803738957e4750ba80c31ef%40ODL.MIT.EDU", "recordTypeIds": [], "assessmentParts": [{"assessmentPartId": "assessment_authoring.AssessmentPart%3A57ee4bdcb3fcec154609ef8b%40ODL.MIT.EDU", "requiresSequentialItems": false, "level": 0}], "questions": [{"itemId": "assessment.Item%3A57ee4b71b3fcec154609edef%40ODL.MIT.EDU", "questionId": "assessment.Item%3A57ee4b71b3fcec154609edef%40ODL.MIT.EDU", "responses": [{"itemId": "assessment.Item%3A57ee4b71b3fcec154609edef%40ODL.MIT.EDU", "submissionTime": null, "missingResponse": 0}], "displayElements": [1], "assessmentPartId": "assessment_authoring.AssessmentPart%3A57ee4bdcb3fcec154609ef8b%40ODL.MIT.EDU", "_id": "5803738a57e4750ba80c31f1"}, {"itemId": "assessment.Item%3A57ee4b7bb3fcec154609ee1c%40ODL.MIT.EDU", "questionId": "assessment.Item%3A57ee4b7bb3fcec154609ee1c%40ODL.MIT.EDU", "responses": [{"itemId": "assessment.Item%3A57ee4b7bb3fcec154609ee1c%40ODL.MIT.EDU", "submissionTime": null, "missingResponse": 0}], "displayElements": [2], "assessmentPartId": "assessment_authoring.AssessmentPart%3A57ee4bdcb3fcec154609ef8b%40ODL.MIT.EDU", "_id": "5803738a57e4750ba80c31f2"}, {"itemId": "assessment.Item%3A57ee4b87b3fcec154609ee49%40ODL.MIT.EDU", "questionId": "assessment.Item%3A57ee4b87b3fcec154609ee49%40ODL.MIT.EDU", "responses": [{"itemId": "assessment.Item%3A57ee4b87b3fcec154609ee49%40ODL.MIT.EDU", "submissionTime": null, "missingResponse": 0}], "displayElements": [3], "assessmentPartId": "assessment_authoring.AssessmentPart%3A57ee4bdcb3fcec154609ef8b%40ODL.MIT.EDU", "_id": "5803738a57e4750ba80c31f3"}, {"itemId": "assessment.Item%3A57ee4b94b3fcec154609ee76%40ODL.MIT.EDU", "questionId": "assessment.Item%3A57ee4b94b3fcec154609ee76%40ODL.MIT.EDU", "responses": [{"itemId": "assessment.Item%3A57ee4b94b3fcec154609ee76%40ODL.MIT.EDU", "submissionTime": null, "missingResponse": 0}], "displayElements": [4], "assessmentPartId": "assessment_authoring.AssessmentPart%3A57ee4bdcb3fcec154609ef8b%40ODL.MIT.EDU", "_id": "5803738a57e4750ba80c31f4"}, {"itemId": "assessment.Item%3A57ee4b9fb3fcec154609eea3%40ODL.MIT.EDU", "questionId": "assessment.Item%3A57ee4b9fb3fcec154609eea3%40ODL.MIT.EDU", "responses": [{"itemId": "assessment.Item%3A57ee4b9fb3fcec154609eea3%40ODL.MIT.EDU", "submissionTime": null, "missingResponse": 0}], "displayElements": [5], "assessmentPartId": "assessment_authoring.AssessmentPart%3A57ee4bdcb3fcec154609ef8b%40ODL.MIT.EDU", "_id": "5803738a57e4750ba80c31f5"}, {"itemId": "assessment.Item%3A57ee4babb3fcec154609eed0%40ODL.MIT.EDU", "questionId": "assessment.Item%3A57ee4babb3fcec154609eed0%40ODL.MIT.EDU", "responses": [{"itemId": "assessment.Item%3A57ee4babb3fcec154609eed0%40ODL.MIT.EDU", "submissionTime": null, "missingResponse": 0}], "displayElements": [6], "assessmentPartId": "assessment_authoring.AssessmentPart%3A57ee4bdcb3fcec154609ef8b%40ODL.MIT.EDU", "_id": "5803738a57e4750ba80c31f6"}], "assessmentPartId": "assessment_authoring.AssessmentPart%3A57ee4bdcb3fcec154609ef8b%40ODL.MIT.EDU", "_id": "5803738957e4750ba80c31f0"}