{"assessmentTakenId": "assessment.AssessmentTaken%3A58035084ebff700d90b88f17%40ODL.MIT.EDU", "recordTypeIds": [], "assessmentParts": [{"assessmentPartId": "assessment_authoring.AssessmentPart%3A57e62e36b3fcec5f10d00e11%40ODL.MIT.EDU", "requiresSequentialItems": false, "level": 0}], "questions": [{"itemId": "assessment.Item%3A57e62dd7b3fcec5f10d00d83%40ODL.MIT.EDU", "questionId": "assessment.Item%3A57e62dd7b3fcec5f10d00d83%40ODL.MIT.EDU", "responses": [{"itemId": "assessment.Item%3A57e62dd7b3fcec5f10d00d83%40ODL.MIT.EDU", "submissionTime": null, "missingResponse": 0}], "displayElements": [1], "assessmentPartId": "assessment_authoring.AssessmentPart%3A57e62e36b3fcec5f10d00e11%40ODL.MIT.EDU", "_id": "58035085ebff700d90b88f19"}, {"itemId": "assessment.Item%3A57e62df3b3fcec5f10d00da1%40ODL.MIT.EDU", "questionId": "assessment.Item%3A57e62df3b3fcec5f10d00da1%40ODL.MIT.EDU", "responses": [{"itemId": "assessment.Item%3A57e62df3b3fcec5f10d00da1%40ODL.MIT.EDU", "submissionTime": null, "missingResponse": 0}], "displayElements": [2], "assessmentPartId": "assessment_authoring.AssessmentPart%3A57e62e36b3fcec5f10d00e11%40ODL.MIT.EDU", "_id": "58035085ebff700d90b88f1a"}, {"itemId": "assessment.Item%3A57e62e07b3fcec5f10d00dbf%40ODL.MIT.EDU", "questionId": "assessment.Item%3A57e62e07b3fcec5f10d00dbf%40ODL.MIT.EDU", "responses": [{"itemId": "assessment.Item%3A57e62e07b3fcec5f10d00dbf%40ODL.MIT.EDU", "submissionTime": null, "missingResponse": 0}], "displayElements": [3], "assessmentPartId": "assessment_authoring.AssessmentPart%3A57e62e36b3fcec5f10d00e11%40ODL.MIT.EDU", "_id": "58035085ebff700d90b88f1b"}, {"itemId": "assessment.Item%3A57e62e1eb3fcec5f10d00ddd%40ODL.MIT.EDU", "questionId": "assessment.Item%3A57e62e1eb3fcec5f10d00ddd%40ODL.MIT.EDU", "responses": [{"itemId": "assessment.Item%3A57e62e1eb3fcec5f10d00ddd%40ODL.MIT.EDU", "submissionTime": null, "missingResponse": 0}], "displayElements": [4], "assessmentPartId": "assessment_authoring.AssessmentPart%3A57e62e36b3fcec5f10d00e11%40ODL.MIT.EDU", "_id": "58035085ebff700d90b88f1c"}, {"itemId": "assessment.Item%3A57e62e34b3fcec5f10d00dfb%40ODL.MIT.EDU", "questionId": "assessment.Item%3A57e62e34b3fcec5f10d00dfb%40ODL.MIT.EDU", "responses": [{"itemId": "assessment.Item%3A57e62e34b3fcec5f10d00dfb%40ODL.MIT.EDU", "submissionTime": null, "missingResponse": 0}], "displayElements": [5], "assessmentPartId": "assessment_authoring.AssessmentPart%3A57e62e36b3fcec5f10d00e11%40ODL.MIT.EDU", "_id": "58035085ebff700d90b88f1d"}], "assessmentPartId": "assessment_authoring.AssessmentPart%3A57e62e36b3fcec5f10d00e11%40ODL.MIT.EDU", "_id": "58035085ebff700d90b88f18"}