{"assessmentTakenId": "assessment.AssessmentTaken%3A58035744ebff700d90b88f40%40ODL.MIT.EDU", "recordTypeIds": [], "assessmentParts": [{"assessmentPartId": "assessment_authoring.AssessmentPart%3A58012ba6b3fcec148d8e4b8d%40ODL.MIT.EDU", "requiresSequentialItems": false, "level": 0}], "questions": [{"itemId": "assessment.Item%3A58012b61b3fcec148d8e4b04%40ODL.MIT.EDU", "questionId": "assessment.Item%3A58012b61b3fcec148d8e4b04%40ODL.MIT.EDU", "responses": [{"minStringLength": null, "itemId": "assessment.Item%3A58035745ebff700d90b88f42%40assessment-session", "displayName": {"text": "", "languageTypeId": "639-2%3AENG%40ISO", "scriptTypeId": "15924%3ALATN%40ISO", "formatTypeId": "TextFormats%3APLAIN%40okapia.net"}, "description": {"text": "", "languageTypeId": "639-2%3AENG%40ISO", "scriptTypeId": "15924%3ALATN%40ISO", "formatTypeId": "TextFormats%3APLAIN%40okapia.net"}, "recordTypeIds": ["answer-record-type%3Aqti%40ODL.MIT.EDU", "answer-record-type%3Amulti-language-answer-with-feedback%40ODL.MIT.EDU", "answer-record-type%3Afiles%40ODL.MIT.EDU", "answer-record-type%3Aextended-text-answer%40ODL.MIT.EDU"], "text": {"text": "False", "languageTypeId": "639-2%3AENG%40ISO", "formatTypeId": "TextFormats%3APLAIN%40okapia.net", "scriptTypeId": "15924%3ALATN%40ISO"}, "genusTypeId": "GenusType%3ADEFAULT%40DLKIT.MIT.EDU", "assignedBankIds": ["assessment.Bank%3A58012b5db3fcec148d8e4af9%40ODL.MIT.EDU"], "submissionTime": {"hour": 10, "month": 10, "second": 49, "microsecond": 140000, "year": 2016, "tzinfo": null, "day": 16, "minute": 32}, "maxStringLength": null, "_id": "58035750ebff700d90b88f4b", "feedbacks": [], "fileIds": {}}], "displayElements": [1], "assessmentPartId": "assessment_authoring.AssessmentPart%3A58012ba6b3fcec148d8e4b8d%40ODL.MIT.EDU", "_id": "58035745ebff700d90b88f42"}, {"itemId": "assessment.Item%3A58012b6bb3fcec148d8e4b17%40ODL.MIT.EDU", "questionId": "assessment.Item%3A58012b6bb3fcec148d8e4b17%40ODL.MIT.EDU", "responses": [{"itemId": "assessment.Item%3A58012b6bb3fcec148d8e4b17%40ODL.MIT.EDU", "submissionTime": null, "missingResponse": 0}], "displayElements": [2], "assessmentPartId": "assessment_authoring.AssessmentPart%3A58012ba6b3fcec148d8e4b8d%40ODL.MIT.EDU", "_id": "58035745ebff700d90b88f43"}, {"itemId": "assessment.Item%3A58012b73b3fcec148d8e4b2a%40ODL.MIT.EDU", "questionId": "assessment.Item%3A58012b73b3fcec148d8e4b2a%40ODL.MIT.EDU", "responses": [{"itemId": "assessment.Item%3A58012b73b3fcec148d8e4b2a%40ODL.MIT.EDU", "submissionTime": null, "missingResponse": 0}], "displayElements": [3], "assessmentPartId": "assessment_authoring.AssessmentPart%3A58012ba6b3fcec148d8e4b8d%40ODL.MIT.EDU", "_id": "58035745ebff700d90b88f44"}, {"itemId": "assessment.Item%3A58012b7eb3fcec148d8e4b3d%40ODL.MIT.EDU", "questionId": "assessment.Item%3A58012b7eb3fcec148d8e4b3d%40ODL.MIT.EDU", "responses": [{"itemId": "assessment.Item%3A58012b7eb3fcec148d8e4b3d%40ODL.MIT.EDU", "submissionTime": null, "missingResponse": 0}], "displayElements": [4], "assessmentPartId": "assessment_authoring.AssessmentPart%3A58012ba6b3fcec148d8e4b8d%40ODL.MIT.EDU", "_id": "58035745ebff700d90b88f45"}, {"itemId": "assessment.Item%3A58012b89b3fcec148d8e4b50%40ODL.MIT.EDU", "questionId": "assessment.Item%3A58012b89b3fcec148d8e4b50%40ODL.MIT.EDU", "responses": [{"itemId": "assessment.Item%3A58012b89b3fcec148d8e4b50%40ODL.MIT.EDU", "submissionTime": null, "missingResponse": 0}], "displayElements": [5], "assessmentPartId": "assessment_authoring.AssessmentPart%3A58012ba6b3fcec148d8e4b8d%40ODL.MIT.EDU", "_id": "58035745ebff700d90b88f46"}, {"itemId": "assessment.Item%3A58012b91b3fcec148d8e4b63%40ODL.MIT.EDU", "questionId": "assessment.Item%3A58012b91b3fcec148d8e4b63%40ODL.MIT.EDU", "responses": [{"itemId": "assessment.Item%3A58012b91b3fcec148d8e4b63%40ODL.MIT.EDU", "submissionTime": null, "missingResponse": 0}], "displayElements": [6], "assessmentPartId": "assessment_authoring.AssessmentPart%3A58012ba6b3fcec148d8e4b8d%40ODL.MIT.EDU", "_id": "58035745ebff700d90b88f47"}, {"itemId": "assessment.Item%3A58012b9bb3fcec148d8e4b76%40ODL.MIT.EDU", "questionId": "assessment.Item%3A58012b9bb3fcec148d8e4b76%40ODL.MIT.EDU", "responses": [{"itemId": "assessment.Item%3A58012b9bb3fcec148d8e4b76%40ODL.MIT.EDU", "submissionTime": null, "missingResponse": 0}], "displayElements": [7], "assessmentPartId": "assessment_authoring.AssessmentPart%3A58012ba6b3fcec148d8e4b8d%40ODL.MIT.EDU", "_id": "58035745ebff700d90b88f48"}, {"itemId": "assessment.Item%3A58012ba6b3fcec148d8e4b89%40ODL.MIT.EDU", "questionId": "assessment.Item%3A58012ba6b3fcec148d8e4b89%40ODL.MIT.EDU", "responses": [{"itemId": "assessment.Item%3A58012ba6b3fcec148d8e4b89%40ODL.MIT.EDU", "submissionTime": null, "missingResponse": 0}], "displayElements": [8], "assessmentPartId": "assessment_authoring.AssessmentPart%3A58012ba6b3fcec148d8e4b8d%40ODL.MIT.EDU", "_id": "58035745ebff700d90b88f49"}], "assessmentPartId": "assessment_authoring.AssessmentPart%3A58012ba6b3fcec148d8e4b8d%40ODL.MIT.EDU", "_id": "58035745ebff700d90b88f41"}