{"assessmentTakenId": "assessment.AssessmentTaken%3A5804a71e57e47503a48cd676%40ODL.MIT.EDU", "recordTypeIds": [], "assessmentParts": [{"assessmentPartId": "assessment_authoring.AssessmentPart%3A57fcd340b3fcec7e0a202a03%40ODL.MIT.EDU", "requiresSequentialItems": false, "level": 0}], "questions": [{"itemId": "assessment.Item%3A57fcd26bb3fcec7e0a202950%40ODL.MIT.EDU", "questionId": "assessment.Item%3A57fcd26bb3fcec7e0a202950%40ODL.MIT.EDU", "responses": [{"itemId": "assessment.Item%3A57fcd26bb3fcec7e0a202950%40ODL.MIT.EDU", "submissionTime": null, "missingResponse": 0}], "displayElements": [1], "assessmentPartId": "assessment_authoring.AssessmentPart%3A57fcd340b3fcec7e0a202a03%40ODL.MIT.EDU", "_id": "5804a71f57e47503a48cd678"}, {"itemId": "assessment.Item%3A57fcd2adb3fcec7e0a202987%40ODL.MIT.EDU", "questionId": "assessment.Item%3A57fcd2adb3fcec7e0a202987%40ODL.MIT.EDU", "responses": [{"itemId": "assessment.Item%3A57fcd2adb3fcec7e0a202987%40ODL.MIT.EDU", "submissionTime": null, "missingResponse": 0}], "displayElements": [2], "assessmentPartId": "assessment_authoring.AssessmentPart%3A57fcd340b3fcec7e0a202a03%40ODL.MIT.EDU", "_id": "5804a71f57e47503a48cd679"}, {"itemId": "assessment.Item%3A57fcd2f4b3fcec7e0a2029be%40ODL.MIT.EDU", "questionId": "assessment.Item%3A57fcd2f4b3fcec7e0a2029be%40ODL.MIT.EDU", "responses": [{"itemId": "assessment.Item%3A57fcd2f4b3fcec7e0a2029be%40ODL.MIT.EDU", "submissionTime": null, "missingResponse": 0}], "displayElements": [3], "assessmentPartId": "assessment_authoring.AssessmentPart%3A57fcd340b3fcec7e0a202a03%40ODL.MIT.EDU", "_id": "5804a71f57e47503a48cd67a"}, {"itemId": "assessment.Item%3A57fcd33db3fcec7e0a2029f5%40ODL.MIT.EDU", "questionId": "assessment.Item%3A57fcd33db3fcec7e0a2029f5%40ODL.MIT.EDU", "responses": [{"itemId": "assessment.Item%3A57fcd33db3fcec7e0a2029f5%40ODL.MIT.EDU", "submissionTime": null, "missingResponse": 0}], "displayElements": [4], "assessmentPartId": "assessment_authoring.AssessmentPart%3A57fcd340b3fcec7e0a202a03%40ODL.MIT.EDU", "_id": "5804a71f57e47503a48cd67b"}], "assessmentPartId": "assessment_authoring.AssessmentPart%3A57fcd340b3fcec7e0a202a03%40ODL.MIT.EDU", "_id": "5804a71e57e47503a48cd677"}