{"assessmentTakenId": "assessment.AssessmentTaken%3A5804a82b57e47503a48cd6da%40ODL.MIT.EDU", "recordTypeIds": [], "assessmentParts": [{"assessmentPartId": "assessment_authoring.AssessmentPart%3A57ffe99ab3fcec148d8e4a20%40ODL.MIT.EDU", "requiresSequentialItems": false, "level": 0}], "questions": [{"itemId": "assessment.Item%3A57ffe999b3fcec148d8e4a1c%40ODL.MIT.EDU", "questionId": "assessment.Item%3A57ffe999b3fcec148d8e4a1c%40ODL.MIT.EDU", "responses": [{"itemId": "assessment.Item%3A57ffe999b3fcec148d8e4a1c%40ODL.MIT.EDU", "submissionTime": null, "missingResponse": 0}], "displayElements": [1], "assessmentPartId": "assessment_authoring.AssessmentPart%3A57ffe99ab3fcec148d8e4a20%40ODL.MIT.EDU", "_id": "5804a82d57e47503a48cd6dc"}], "assessmentPartId": "assessment_authoring.AssessmentPart%3A57ffe99ab3fcec148d8e4a20%40ODL.MIT.EDU", "_id": "5804a82d57e47503a48cd6db"}