{"assessmentTakenId": "assessment.AssessmentTaken%3A5804a7d357e47503a48cd6ad%40ODL.MIT.EDU", "recordTypeIds": [], "assessmentParts": [{"assessmentPartId": "assessment_authoring.AssessmentPart%3A57fbd4acb3fcec7e0a20280c%40ODL.MIT.EDU", "requiresSequentialItems": false, "level": 0}], "questions": [{"itemId": "assessment.Item%3A57fbd405b3fcec7e0a202667%40ODL.MIT.EDU", "questionId": "assessment.Item%3A57fbd405b3fcec7e0a202667%40ODL.MIT.EDU", "responses": [{"itemId": "assessment.Item%3A5804a7d457e47503a48cd6af%40assessment-session", "displayName": {"text": "", "languageTypeId": "639-2%3AENG%40ISO", "scriptTypeId": "15924%3ALATN%40ISO", "formatTypeId": "TextFormats%3APLAIN%40okapia.net"}, "feedback": {"text": "", "languageTypeId": "639-2%3AENG%40ISO", "formatTypeId": "TextFormats%3APLAIN%40okapia.net", "scriptTypeId": "15924%3ALATN%40ISO"}, "recordTypeIds": ["answer-record-type%3Aqti%40ODL.MIT.EDU", "answer-record-type%3Amulti-language-answer-with-feedback%40ODL.MIT.EDU", "answer-record-type%3Afiles%40ODL.MIT.EDU", "answer-record-type%3Amulti-choice-answer%40ODL.MIT.EDU", "answer-record-type%3Aanswer-with-feedback%40ODL.MIT.EDU"], "choiceIds": ["id2a164a89-f981-42f5-8624-9045781cf03f"], "fileIds": {}, "confusedLearningObjectiveIds": [], "genusTypeId": "GenusType%3ADEFAULT%40DLKIT.MIT.EDU", "assignedBankIds": ["assessment.Bank%3A57e8fb08b3fcec1309c4e0ee%40ODL.MIT.EDU"], "submissionTime": {"hour": 10, "month": 10, "second": 2, "microsecond": 234000, "year": 2016, "tzinfo": null, "day": 17, "minute": 29}, "_id": "5804a7ed57e47503a48cd6c2", "feedbacks": [], "description": {"text": "", "languageTypeId": "639-2%3AENG%40ISO", "scriptTypeId": "15924%3ALATN%40ISO", "formatTypeId": "TextFormats%3APLAIN%40okapia.net"}}, {"itemId": "assessment.Item%3A5804a7d457e47503a48cd6af%40assessment-session", "displayName": {"text": "", "languageTypeId": "639-2%3AENG%40ISO", "scriptTypeId": "15924%3ALATN%40ISO", "formatTypeId": "TextFormats%3APLAIN%40okapia.net"}, "feedback": {"text": "", "languageTypeId": "639-2%3AENG%40ISO", "formatTypeId": "TextFormats%3APLAIN%40okapia.net", "scriptTypeId": "15924%3ALATN%40ISO"}, "recordTypeIds": ["answer-record-type%3Aqti%40ODL.MIT.EDU", "answer-record-type%3Amulti-language-answer-with-feedback%40ODL.MIT.EDU", "answer-record-type%3Afiles%40ODL.MIT.EDU", "answer-record-type%3Amulti-choice-answer%40ODL.MIT.EDU", "answer-record-type%3Aanswer-with-feedback%40ODL.MIT.EDU"], "choiceIds": ["idfdcf3381-ddbe-438c-b18f-30e7495ed8ea"], "fileIds": {}, "confusedLearningObjectiveIds": [], "genusTypeId": "GenusType%3ADEFAULT%40DLKIT.MIT.EDU", "assignedBankIds": ["assessment.Bank%3A57e8fb08b3fcec1309c4e0ee%40ODL.MIT.EDU"], "submissionTime": {"hour": 10, "month": 10, "second": 55, "microsecond": 746000, "year": 2016, "tzinfo": null, "day": 17, "minute": 28}, "_id": "5804a7e757e47503a48cd6bf", "feedbacks": [], "description": {"text": "", "languageTypeId": "639-2%3AENG%40ISO", "scriptTypeId": "15924%3ALATN%40ISO", "formatTypeId": "TextFormats%3APLAIN%40okapia.net"}}, {"itemId": "assessment.Item%3A5804a7d457e47503a48cd6af%40assessment-session", "displayName": {"text": "", "languageTypeId": "639-2%3AENG%40ISO", "scriptTypeId": "15924%3ALATN%40ISO", "formatTypeId": "TextFormats%3APLAIN%40okapia.net"}, "feedback": {"text": "", "languageTypeId": "639-2%3AENG%40ISO", "formatTypeId": "TextFormats%3APLAIN%40okapia.net", "scriptTypeId": "15924%3ALATN%40ISO"}, "recordTypeIds": ["answer-record-type%3Aqti%40ODL.MIT.EDU", "answer-record-type%3Amulti-language-answer-with-feedback%40ODL.MIT.EDU", "answer-record-type%3Afiles%40ODL.MIT.EDU", "answer-record-type%3Amulti-choice-answer%40ODL.MIT.EDU", "answer-record-type%3Aanswer-with-feedback%40ODL.MIT.EDU"], "choiceIds": ["idbb4ed92d-5035-4569-bd3d-3687fa1bb767"], "fileIds": {}, "confusedLearningObjectiveIds": [], "genusTypeId": "GenusType%3ADEFAULT%40DLKIT.MIT.EDU", "assignedBankIds": ["assessment.Bank%3A57e8fb08b3fcec1309c4e0ee%40ODL.MIT.EDU"], "submissionTime": {"hour": 10, "month": 10, "second": 45, "microsecond": 640000, "year": 2016, "tzinfo": null, "day": 17, "minute": 28}, "_id": "5804a7dd57e47503a48cd6bc", "feedbacks": [], "description": {"text": "", "languageTypeId": "639-2%3AENG%40ISO", "scriptTypeId": "15924%3ALATN%40ISO", "formatTypeId": "TextFormats%3APLAIN%40okapia.net"}}], "displayElements": [1], "assessmentPartId": "assessment_authoring.AssessmentPart%3A57fbd4acb3fcec7e0a20280c%40ODL.MIT.EDU", "_id": "5804a7d457e47503a48cd6af"}, {"itemId": "assessment.Item%3A57fbd417b3fcec7e0a2026a0%40ODL.MIT.EDU", "questionId": "assessment.Item%3A57fbd417b3fcec7e0a2026a0%40ODL.MIT.EDU", "responses": [{"itemId": "assessment.Item%3A5804a7d457e47503a48cd6b0%40assessment-session", "displayName": {"text": "", "languageTypeId": "639-2%3AENG%40ISO", "scriptTypeId": "15924%3ALATN%40ISO", "formatTypeId": "TextFormats%3APLAIN%40okapia.net"}, "description": {"text": "", "languageTypeId": "639-2%3AENG%40ISO", "scriptTypeId": "15924%3ALATN%40ISO", "formatTypeId": "TextFormats%3APLAIN%40okapia.net"}, "recordTypeIds": ["answer-record-type%3Aqti%40ODL.MIT.EDU", "answer-record-type%3Amulti-language-answer-with-feedback%40ODL.MIT.EDU", "answer-record-type%3Afiles%40ODL.MIT.EDU", "answer-record-type%3Amulti-choice-answer%40ODL.MIT.EDU"], "choiceIds": ["id6e9095fe-fa57-4391-9623-09b6b1dd1ca3"], "genusTypeId": "GenusType%3ADEFAULT%40DLKIT.MIT.EDU", "assignedBankIds": ["assessment.Bank%3A57e8fb08b3fcec1309c4e0ee%40ODL.MIT.EDU"], "submissionTime": {"hour": 10, "month": 10, "second": 16, "microsecond": 649000, "year": 2016, "tzinfo": null, "day": 17, "minute": 29}, "_id": "5804a7fc57e47503a48cd6c8", "feedbacks": [], "fileIds": {}}], "displayElements": [2], "assessmentPartId": "assessment_authoring.AssessmentPart%3A57fbd4acb3fcec7e0a20280c%40ODL.MIT.EDU", "_id": "5804a7d457e47503a48cd6b0"}, {"itemId": "assessment.Item%3A57fbd42cb3fcec7e0a2026d9%40ODL.MIT.EDU", "questionId": "assessment.Item%3A57fbd42cb3fcec7e0a2026d9%40ODL.MIT.EDU", "responses": [{"itemId": "assessment.Item%3A57fbd42cb3fcec7e0a2026d9%40ODL.MIT.EDU", "submissionTime": null, "missingResponse": 0}], "displayElements": [3], "assessmentPartId": "assessment_authoring.AssessmentPart%3A57fbd4acb3fcec7e0a20280c%40ODL.MIT.EDU", "_id": "5804a7d457e47503a48cd6b1"}, {"itemId": "assessment.Item%3A57fbd442b3fcec7e0a202712%40ODL.MIT.EDU", "questionId": "assessment.Item%3A57fbd442b3fcec7e0a202712%25253F%25255B%252522id33b2a7a0-0462-4da9-88d6-d4ebf227243b%252522%25252C%252520%252522idbd20d396-d43d-40d9-9976-e562bd948f1b%252522%25252C%252520%252522id2e0ae837-0c99-4a3a-a31b-e910b9961efa%252522%25252C%252520%252522idf5723fd7-ff71-4e00-829b-0cddfa77fe39%252522%25255D%40magic-randomize-choices-question-record", "responses": [{"itemId": "assessment.Item%3A57fbd442b3fcec7e0a202712%25253F%25255B%252522id33b2a7a0-0462-4da9-88d6-d4ebf227243b%252522%25252C%252520%252522idbd20d396-d43d-40d9-9976-e562bd948f1b%252522%25252C%252520%252522id2e0ae837-0c99-4a3a-a31b-e910b9961efa%252522%25252C%252520%252522idf5723fd7-ff71-4e00-829b-0cddfa77fe39%252522%25255D%40magic-randomize-choices-question-record", "submissionTime": null, "missingResponse": 0}], "displayElements": [4], "assessmentPartId": "assessment_authoring.AssessmentPart%3A57fbd4acb3fcec7e0a20280c%40ODL.MIT.EDU", "_id": "5804a7d457e47503a48cd6b2"}, {"itemId": "assessment.Item%3A57fbd461b3fcec7e0a202747%40ODL.MIT.EDU", "questionId": "assessment.Item%3A57fbd461b3fcec7e0a202747%40ODL.MIT.EDU", "responses": [{"itemId": "assessment.Item%3A57fbd461b3fcec7e0a202747%40ODL.MIT.EDU", "submissionTime": null, "missingResponse": 0}], "displayElements": [5], "assessmentPartId": "assessment_authoring.AssessmentPart%3A57fbd4acb3fcec7e0a20280c%40ODL.MIT.EDU", "_id": "5804a7d457e47503a48cd6b3"}, {"itemId": "assessment.Item%3A57fbd47eb3fcec7e0a202780%40ODL.MIT.EDU", "questionId": "assessment.Item%3A57fbd47eb3fcec7e0a202780%40ODL.MIT.EDU", "responses": [{"itemId": "assessment.Item%3A57fbd47eb3fcec7e0a202780%40ODL.MIT.EDU", "submissionTime": null, "missingResponse": 0}], "displayElements": [6], "assessmentPartId": "assessment_authoring.AssessmentPart%3A57fbd4acb3fcec7e0a20280c%40ODL.MIT.EDU", "_id": "5804a7d457e47503a48cd6b4"}, {"itemId": "assessment.Item%3A57fbd49ab3fcec7e0a2027b9%40ODL.MIT.EDU", "questionId": "assessment.Item%3A57fbd49ab3fcec7e0a2027b9%40ODL.MIT.EDU", "responses": [{"itemId": "assessment.Item%3A57fbd49ab3fcec7e0a2027b9%40ODL.MIT.EDU", "submissionTime": null, "missingResponse": 0}], "displayElements": [7], "assessmentPartId": "assessment_authoring.AssessmentPart%3A57fbd4acb3fcec7e0a20280c%40ODL.MIT.EDU", "_id": "5804a7d457e47503a48cd6b5"}, {"itemId": "assessment.Item%3A57fbd4abb3fcec7e0a2027f2%40ODL.MIT.EDU", "questionId": "assessment.Item%3A57fbd4abb3fcec7e0a2027f2%40ODL.MIT.EDU", "responses": [{"itemId": "assessment.Item%3A57fbd4abb3fcec7e0a2027f2%40ODL.MIT.EDU", "submissionTime": null, "missingResponse": 0}], "displayElements": [8], "assessmentPartId": "assessment_authoring.AssessmentPart%3A57fbd4acb3fcec7e0a20280c%40ODL.MIT.EDU", "_id": "5804a7d457e47503a48cd6b6"}, {"itemId": "assessment.Item%3A57ff2f57b3fcec148d8e3aaa%40ODL.MIT.EDU", "questionId": "assessment.Item%3A57ff2f57b3fcec148d8e3aaa%40ODL.MIT.EDU", "responses": [{"itemId": "assessment.Item%3A57ff2f57b3fcec148d8e3aaa%40ODL.MIT.EDU", "submissionTime": null, "missingResponse": 0}], "displayElements": [9], "assessmentPartId": "assessment_authoring.AssessmentPart%3A57fbd4acb3fcec7e0a20280c%40ODL.MIT.EDU", "_id": "5804a7d457e47503a48cd6b7"}], "assessmentPartId": "assessment_authoring.AssessmentPart%3A57fbd4acb3fcec7e0a20280c%40ODL.MIT.EDU", "_id": "5804a7d357e47503a48cd6ae"}