{"assessmentTakenId": "assessment.AssessmentTaken%3A5804a7b657e47503a48cd697%40ODL.MIT.EDU", "recordTypeIds": [], "assessmentParts": [{"assessmentPartId": "assessment_authoring.AssessmentPart%3A57f53adab3fcec3154d6ba99%40ODL.MIT.EDU", "requiresSequentialItems": false, "level": 0}], "questions": [{"itemId": "assessment.Item%3A57f53acdb3fcec3154d6ba44%40ODL.MIT.EDU", "questionId": "assessment.Item%3A57f53acdb3fcec3154d6ba44%40ODL.MIT.EDU", "responses": [{"itemId": "assessment.Item%3A57f53acdb3fcec3154d6ba44%40ODL.MIT.EDU", "submissionTime": null, "missingResponse": 0}], "displayElements": [1], "assessmentPartId": "assessment_authoring.AssessmentPart%3A57f53adab3fcec3154d6ba99%40ODL.MIT.EDU", "_id": "5804a7b857e47503a48cd699"}, {"itemId": "assessment.Item%3A57f53a77b3fcec3154d6b91d%40ODL.MIT.EDU", "questionId": "assessment.Item%3A57f53a77b3fcec3154d6b91d%40ODL.MIT.EDU", "responses": [{"itemId": "assessment.Item%3A57f53a77b3fcec3154d6b91d%40ODL.MIT.EDU", "submissionTime": null, "missingResponse": 0}], "displayElements": [2], "assessmentPartId": "assessment_authoring.AssessmentPart%3A57f53adab3fcec3154d6ba99%40ODL.MIT.EDU", "_id": "5804a7b857e47503a48cd69a"}, {"itemId": "assessment.Item%3A57f53ab4b3fcec3154d6b9ce%40ODL.MIT.EDU", "questionId": "assessment.Item%3A57f53ab4b3fcec3154d6b9ce%40ODL.MIT.EDU", "responses": [{"itemId": "assessment.Item%3A57f53ab4b3fcec3154d6b9ce%40ODL.MIT.EDU", "submissionTime": null, "missingResponse": 0}], "displayElements": [3], "assessmentPartId": "assessment_authoring.AssessmentPart%3A57f53adab3fcec3154d6ba99%40ODL.MIT.EDU", "_id": "5804a7b857e47503a48cd69b"}, {"itemId": "assessment.Item%3A57f53a6bb3fcec3154d6b8e2%40ODL.MIT.EDU", "questionId": "assessment.Item%3A57f53a6bb3fcec3154d6b8e2%40ODL.MIT.EDU", "responses": [{"itemId": "assessment.Item%3A57f53a6bb3fcec3154d6b8e2%40ODL.MIT.EDU", "submissionTime": null, "missingResponse": 0}], "displayElements": [4], "assessmentPartId": "assessment_authoring.AssessmentPart%3A57f53adab3fcec3154d6ba99%40ODL.MIT.EDU", "_id": "5804a7b857e47503a48cd69c"}, {"itemId": "assessment.Item%3A57f53a94b3fcec3154d6b958%40ODL.MIT.EDU", "questionId": "assessment.Item%3A57f53a94b3fcec3154d6b958%40ODL.MIT.EDU", "responses": [{"itemId": "assessment.Item%3A57f53a94b3fcec3154d6b958%40ODL.MIT.EDU", "submissionTime": null, "missingResponse": 0}], "displayElements": [5], "assessmentPartId": "assessment_authoring.AssessmentPart%3A57f53adab3fcec3154d6ba99%40ODL.MIT.EDU", "_id": "5804a7b857e47503a48cd69d"}, {"itemId": "assessment.Item%3A57f53ac0b3fcec3154d6ba09%40ODL.MIT.EDU", "questionId": "assessment.Item%3A57f53ac0b3fcec3154d6ba09%40ODL.MIT.EDU", "responses": [{"itemId": "assessment.Item%3A57f53ac0b3fcec3154d6ba09%40ODL.MIT.EDU", "submissionTime": null, "missingResponse": 0}], "displayElements": [6], "assessmentPartId": "assessment_authoring.AssessmentPart%3A57f53adab3fcec3154d6ba99%40ODL.MIT.EDU", "_id": "5804a7b857e47503a48cd69e"}, {"itemId": "assessment.Item%3A57f53aa4b3fcec3154d6b993%40ODL.MIT.EDU", "questionId": "assessment.Item%3A57f53aa4b3fcec3154d6b993%40ODL.MIT.EDU", "responses": [{"itemId": "assessment.Item%3A57f53aa4b3fcec3154d6b993%40ODL.MIT.EDU", "submissionTime": null, "missingResponse": 0}], "displayElements": [7], "assessmentPartId": "assessment_authoring.AssessmentPart%3A57f53adab3fcec3154d6ba99%40ODL.MIT.EDU", "_id": "5804a7b857e47503a48cd69f"}, {"itemId": "assessment.Item%3A57f53ad9b3fcec3154d6ba7f%40ODL.MIT.EDU", "questionId": "assessment.Item%3A57f53ad9b3fcec3154d6ba7f%40ODL.MIT.EDU", "responses": [{"itemId": "assessment.Item%3A57f53ad9b3fcec3154d6ba7f%40ODL.MIT.EDU", "submissionTime": null, "missingResponse": 0}], "displayElements": [8], "assessmentPartId": "assessment_authoring.AssessmentPart%3A57f53adab3fcec3154d6ba99%40ODL.MIT.EDU", "_id": "5804a7b857e47503a48cd6a0"}], "assessmentPartId": "assessment_authoring.AssessmentPart%3A57f53adab3fcec3154d6ba99%40ODL.MIT.EDU", "_id": "5804a7b757e47503a48cd698"}