{"assessmentTakenId": "assessment.AssessmentTaken%3A5804a80857e47503a48cd6ca%40ODL.MIT.EDU", "recordTypeIds": [], "assessmentParts": [{"assessmentPartId": "assessment_authoring.AssessmentPart%3A57e8f376b3fcec1309c4dcba%40ODL.MIT.EDU", "requiresSequentialItems": false, "level": 0}], "questions": [{"itemId": "assessment.Item%3A57e8f376b3fcec1309c4dcb5%40ODL.MIT.EDU", "questionId": "assessment.Item%3A57e8f376b3fcec1309c4dcb5%40ODL.MIT.EDU", "responses": [{"itemId": "assessment.Item%3A57e8f376b3fcec1309c4dcb5%40ODL.MIT.EDU", "submissionTime": null, "missingResponse": 0}], "displayElements": [1], "assessmentPartId": "assessment_authoring.AssessmentPart%3A57e8f376b3fcec1309c4dcba%40ODL.MIT.EDU", "_id": "5804a80957e47503a48cd6cc"}], "assessmentPartId": "assessment_authoring.AssessmentPart%3A57e8f376b3fcec1309c4dcba%40ODL.MIT.EDU", "_id": "5804a80957e47503a48cd6cb"}