{"assessmentTakenId": "assessment.AssessmentTaken%3A5804a75457e47503a48cd686%40ODL.MIT.EDU", "recordTypeIds": [], "assessmentParts": [{"assessmentPartId": "assessment_authoring.AssessmentPart%3A57ee513ab3fcec154609f11e%40ODL.MIT.EDU", "requiresSequentialItems": false, "level": 0}], "questions": [{"itemId": "assessment.Item%3A57ee513ab3fcec154609f11a%40ODL.MIT.EDU", "questionId": "assessment.Item%3A57ee513ab3fcec154609f11a%40ODL.MIT.EDU", "responses": [{"itemId": "assessment.Item%3A57ee513ab3fcec154609f11a%40ODL.MIT.EDU", "submissionTime": null, "missingResponse": 0}], "displayElements": [1], "assessmentPartId": "assessment_authoring.AssessmentPart%3A57ee513ab3fcec154609f11e%40ODL.MIT.EDU", "_id": "5804a75557e47503a48cd688"}], "assessmentPartId": "assessment_authoring.AssessmentPart%3A57ee513ab3fcec154609f11e%40ODL.MIT.EDU", "_id": "5804a75557e47503a48cd687"}