{"assessmentTakenId": "assessment.AssessmentTaken%3A5804a85157e47503a48cd6dd%40ODL.MIT.EDU", "recordTypeIds": [], "assessmentParts": [{"assessmentPartId": "assessment_authoring.AssessmentPart%3A57ee0b25b3fcec154609ec20%40ODL.MIT.EDU", "requiresSequentialItems": false, "level": 0}], "questions": [{"itemId": "assessment.Item%3A57ee0ad0b3fcec154609eab7%40ODL.MIT.EDU", "questionId": "assessment.Item%3A57ee0ad0b3fcec154609eab7%40ODL.MIT.EDU", "responses": [{"itemId": "assessment.Item%3A5804a85357e47503a48cd6df%40assessment-session", "displayName": {"text": "", "languageTypeId": "639-2%3AENG%40ISO", "scriptTypeId": "15924%3ALATN%40ISO", "formatTypeId": "TextFormats%3APLAIN%40okapia.net"}, "description": {"text": "", "languageTypeId": "639-2%3AENG%40ISO", "scriptTypeId": "15924%3ALATN%40ISO", "formatTypeId": "TextFormats%3APLAIN%40okapia.net"}, "recordTypeIds": ["answer-record-type%3Aqti%40ODL.MIT.EDU", "answer-record-type%3Amulti-language-answer-with-feedback%40ODL.MIT.EDU", "answer-record-type%3Afiles%40ODL.MIT.EDU", "answer-record-type%3Amulti-choice-answer%40ODL.MIT.EDU"], "choiceIds": ["ide1cbba4d-7420-4425-a489-f2e23d282eb4"], "genusTypeId": "GenusType%3ADEFAULT%40DLKIT.MIT.EDU", "assignedBankIds": ["assessment.Bank%3A57ee0acdb3fcec154609eaad%40ODL.MIT.EDU"], "submissionTime": {"hour": 10, "month": 10, "second": 54, "microsecond": 857000, "year": 2016, "tzinfo": null, "day": 17, "minute": 30}, "_id": "5804a85e57e47503a48cd6ef", "feedbacks": [], "fileIds": {}}], "displayElements": [1], "assessmentPartId": "assessment_authoring.AssessmentPart%3A57ee0b25b3fcec154609ec20%40ODL.MIT.EDU", "_id": "5804a85357e47503a48cd6df"}, {"itemId": "assessment.Item%3A57ee0ad6b3fcec154609eadc%40ODL.MIT.EDU", "questionId": "assessment.Item%3A57ee0ad6b3fcec154609eadc%40ODL.MIT.EDU", "responses": [{"itemId": "assessment.Item%3A5804a85357e47503a48cd6e0%40assessment-session", "displayName": {"text": "", "languageTypeId": "639-2%3AENG%40ISO", "scriptTypeId": "15924%3ALATN%40ISO", "formatTypeId": "TextFormats%3APLAIN%40okapia.net"}, "description": {"text": "", "languageTypeId": "639-2%3AENG%40ISO", "scriptTypeId": "15924%3ALATN%40ISO", "formatTypeId": "TextFormats%3APLAIN%40okapia.net"}, "recordTypeIds": ["answer-record-type%3Aqti%40ODL.MIT.EDU", "answer-record-type%3Amulti-language-answer-with-feedback%40ODL.MIT.EDU", "answer-record-type%3Afiles%40ODL.MIT.EDU", "answer-record-type%3Amulti-choice-answer%40ODL.MIT.EDU"], "choiceIds": ["id6303dced-36a9-41c2-b323-f3504e57d6c9"], "genusTypeId": "GenusType%3ADEFAULT%40DLKIT.MIT.EDU", "assignedBankIds": ["assessment.Bank%3A57ee0acdb3fcec154609eaad%40ODL.MIT.EDU"], "submissionTime": {"hour": 10, "month": 10, "second": 2, "microsecond": 428000, "year": 2016, "tzinfo": null, "day": 17, "minute": 31}, "_id": "5804a86657e47503a48cd6f2", "feedbacks": [], "fileIds": {}}], "displayElements": [2], "assessmentPartId": "assessment_authoring.AssessmentPart%3A57ee0b25b3fcec154609ec20%40ODL.MIT.EDU", "_id": "5804a85357e47503a48cd6e0"}, {"itemId": "assessment.Item%3A57ee0adcb3fcec154609eaf7%40ODL.MIT.EDU", "questionId": "assessment.Item%3A57ee0adcb3fcec154609eaf7%40ODL.MIT.EDU", "responses": [{"itemId": "assessment.Item%3A57ee0adcb3fcec154609eaf7%40ODL.MIT.EDU", "submissionTime": null, "missingResponse": 0}], "displayElements": [3], "assessmentPartId": "assessment_authoring.AssessmentPart%3A57ee0b25b3fcec154609ec20%40ODL.MIT.EDU", "_id": "5804a85357e47503a48cd6e1"}, {"itemId": "assessment.Item%3A57ee0ae3b3fcec154609eb12%40ODL.MIT.EDU", "questionId": "assessment.Item%3A57ee0ae3b3fcec154609eb12%40ODL.MIT.EDU", "responses": [{"itemId": "assessment.Item%3A57ee0ae3b3fcec154609eb12%40ODL.MIT.EDU", "submissionTime": null, "missingResponse": 0}], "displayElements": [4], "assessmentPartId": "assessment_authoring.AssessmentPart%3A57ee0b25b3fcec154609ec20%40ODL.MIT.EDU", "_id": "5804a85357e47503a48cd6e2"}, {"itemId": "assessment.Item%3A57ee0ae8b3fcec154609eb29%40ODL.MIT.EDU", "questionId": "assessment.Item%3A57ee0ae8b3fcec154609eb29%40ODL.MIT.EDU", "responses": [{"itemId": "assessment.Item%3A57ee0ae8b3fcec154609eb29%40ODL.MIT.EDU", "submissionTime": null, "missingResponse": 0}], "displayElements": [5], "assessmentPartId": "assessment_authoring.AssessmentPart%3A57ee0b25b3fcec154609ec20%40ODL.MIT.EDU", "_id": "5804a85357e47503a48cd6e3"}, {"itemId": "assessment.Item%3A57ee0af0b3fcec154609eb4d%40ODL.MIT.EDU", "questionId": "assessment.Item%3A57ee0af0b3fcec154609eb4d%40ODL.MIT.EDU", "responses": [{"itemId": "assessment.Item%3A57ee0af0b3fcec154609eb4d%40ODL.MIT.EDU", "submissionTime": null, "missingResponse": 0}], "displayElements": [6], "assessmentPartId": "assessment_authoring.AssessmentPart%3A57ee0b25b3fcec154609ec20%40ODL.MIT.EDU", "_id": "5804a85357e47503a48cd6e4"}, {"itemId": "assessment.Item%3A57ee0af6b3fcec154609eb68%40ODL.MIT.EDU", "questionId": "assessment.Item%3A57ee0af6b3fcec154609eb68%40ODL.MIT.EDU", "responses": [{"itemId": "assessment.Item%3A57ee0af6b3fcec154609eb68%40ODL.MIT.EDU", "submissionTime": null, "missingResponse": 0}], "displayElements": [7], "assessmentPartId": "assessment_authoring.AssessmentPart%3A57ee0b25b3fcec154609ec20%40ODL.MIT.EDU", "_id": "5804a85357e47503a48cd6e5"}, {"itemId": "assessment.Item%3A57ee0afbb3fcec154609eb7f%40ODL.MIT.EDU", "questionId": "assessment.Item%3A57ee0afbb3fcec154609eb7f%40ODL.MIT.EDU", "responses": [{"itemId": "assessment.Item%3A57ee0afbb3fcec154609eb7f%40ODL.MIT.EDU", "submissionTime": null, "missingResponse": 0}], "displayElements": [8], "assessmentPartId": "assessment_authoring.AssessmentPart%3A57ee0b25b3fcec154609ec20%40ODL.MIT.EDU", "_id": "5804a85357e47503a48cd6e6"}, {"itemId": "assessment.Item%3A57ee0b01b3fcec154609eb9a%40ODL.MIT.EDU", "questionId": "assessment.Item%3A57ee0b01b3fcec154609eb9a%40ODL.MIT.EDU", "responses": [{"itemId": "assessment.Item%3A57ee0b01b3fcec154609eb9a%40ODL.MIT.EDU", "submissionTime": null, "missingResponse": 0}], "displayElements": [9], "assessmentPartId": "assessment_authoring.AssessmentPart%3A57ee0b25b3fcec154609ec20%40ODL.MIT.EDU", "_id": "5804a85357e47503a48cd6e7"}, {"itemId": "assessment.Item%3A57ee0b07b3fcec154609ebb5%40ODL.MIT.EDU", "questionId": "assessment.Item%3A57ee0b07b3fcec154609ebb5%40ODL.MIT.EDU", "responses": [{"itemId": "assessment.Item%3A57ee0b07b3fcec154609ebb5%40ODL.MIT.EDU", "submissionTime": null, "missingResponse": 0}], "displayElements": [10], "assessmentPartId": "assessment_authoring.AssessmentPart%3A57ee0b25b3fcec154609ec20%40ODL.MIT.EDU", "_id": "5804a85357e47503a48cd6e8"}, {"itemId": "assessment.Item%3A57ee0b0db3fcec154609ebca%40ODL.MIT.EDU", "questionId": "assessment.Item%3A57ee0b0db3fcec154609ebca%40ODL.MIT.EDU", "responses": [{"itemId": "assessment.Item%3A57ee0b0db3fcec154609ebca%40ODL.MIT.EDU", "submissionTime": null, "missingResponse": 0}], "displayElements": [11], "assessmentPartId": "assessment_authoring.AssessmentPart%3A57ee0b25b3fcec154609ec20%40ODL.MIT.EDU", "_id": "5804a85357e47503a48cd6e9"}, {"itemId": "assessment.Item%3A57ee0b13b3fcec154609ebe1%40ODL.MIT.EDU", "questionId": "assessment.Item%3A57ee0b13b3fcec154609ebe1%40ODL.MIT.EDU", "responses": [{"itemId": "assessment.Item%3A57ee0b13b3fcec154609ebe1%40ODL.MIT.EDU", "submissionTime": null, "missingResponse": 0}], "displayElements": [12], "assessmentPartId": "assessment_authoring.AssessmentPart%3A57ee0b25b3fcec154609ec20%40ODL.MIT.EDU", "_id": "5804a85357e47503a48cd6ea"}, {"itemId": "assessment.Item%3A57ee0b19b3fcec154609ebf6%40ODL.MIT.EDU", "questionId": "assessment.Item%3A57ee0b19b3fcec154609ebf6%40ODL.MIT.EDU", "responses": [{"itemId": "assessment.Item%3A57ee0b19b3fcec154609ebf6%40ODL.MIT.EDU", "submissionTime": null, "missingResponse": 0}], "displayElements": [13], "assessmentPartId": "assessment_authoring.AssessmentPart%3A57ee0b25b3fcec154609ec20%40ODL.MIT.EDU", "_id": "5804a85357e47503a48cd6eb"}, {"itemId": "assessment.Item%3A57ee0b1fb3fcec154609ec0b%40ODL.MIT.EDU", "questionId": "assessment.Item%3A57ee0b1fb3fcec154609ec0b%40ODL.MIT.EDU", "responses": [{"itemId": "assessment.Item%3A57ee0b1fb3fcec154609ec0b%40ODL.MIT.EDU", "submissionTime": null, "missingResponse": 0}], "displayElements": [14], "assessmentPartId": "assessment_authoring.AssessmentPart%3A57ee0b25b3fcec154609ec20%40ODL.MIT.EDU", "_id": "5804a85357e47503a48cd6ec"}, {"itemId": "assessment.Item%3A57ee0b25b3fcec154609ec1c%40ODL.MIT.EDU", "questionId": "assessment.Item%3A57ee0b25b3fcec154609ec1c%40ODL.MIT.EDU", "responses": [{"itemId": "assessment.Item%3A57ee0b25b3fcec154609ec1c%40ODL.MIT.EDU", "submissionTime": null, "missingResponse": 0}], "displayElements": [15], "assessmentPartId": "assessment_authoring.AssessmentPart%3A57ee0b25b3fcec154609ec20%40ODL.MIT.EDU", "_id": "5804a85357e47503a48cd6ed"}], "assessmentPartId": "assessment_authoring.AssessmentPart%3A57ee0b25b3fcec154609ec20%40ODL.MIT.EDU", "_id": "5804a85257e47503a48cd6de"}