{"assessmentTakenId": "assessment.AssessmentTaken%3A5804a79257e47503a48cd68c%40ODL.MIT.EDU", "recordTypeIds": [], "assessmentParts": [{"assessmentPartId": "assessment_authoring.AssessmentPart%3A57ee4bdcb3fcec154609ef8b%40ODL.MIT.EDU", "requiresSequentialItems": false, "level": 0}], "questions": [{"itemId": "assessment.Item%3A57ee4b71b3fcec154609edef%40ODL.MIT.EDU", "questionId": "assessment.Item%3A57ee4b71b3fcec154609edef%40ODL.MIT.EDU", "responses": [{"itemId": "assessment.Item%3A57ee4b71b3fcec154609edef%40ODL.MIT.EDU", "submissionTime": null, "missingResponse": 0}], "displayElements": [1], "assessmentPartId": "assessment_authoring.AssessmentPart%3A57ee4bdcb3fcec154609ef8b%40ODL.MIT.EDU", "_id": "5804a79457e47503a48cd68e"}, {"itemId": "assessment.Item%3A57ee4b7bb3fcec154609ee1c%40ODL.MIT.EDU", "questionId": "assessment.Item%3A57ee4b7bb3fcec154609ee1c%40ODL.MIT.EDU", "responses": [{"itemId": "assessment.Item%3A57ee4b7bb3fcec154609ee1c%40ODL.MIT.EDU", "submissionTime": null, "missingResponse": 0}], "displayElements": [2], "assessmentPartId": "assessment_authoring.AssessmentPart%3A57ee4bdcb3fcec154609ef8b%40ODL.MIT.EDU", "_id": "5804a79457e47503a48cd68f"}, {"itemId": "assessment.Item%3A57ee4b87b3fcec154609ee49%40ODL.MIT.EDU", "questionId": "assessment.Item%3A57ee4b87b3fcec154609ee49%40ODL.MIT.EDU", "responses": [{"itemId": "assessment.Item%3A57ee4b87b3fcec154609ee49%40ODL.MIT.EDU", "submissionTime": null, "missingResponse": 0}], "displayElements": [3], "assessmentPartId": "assessment_authoring.AssessmentPart%3A57ee4bdcb3fcec154609ef8b%40ODL.MIT.EDU", "_id": "5804a79457e47503a48cd690"}, {"itemId": "assessment.Item%3A57ee4b94b3fcec154609ee76%40ODL.MIT.EDU", "questionId": "assessment.Item%3A57ee4b94b3fcec154609ee76%40ODL.MIT.EDU", "responses": [{"itemId": "assessment.Item%3A57ee4b94b3fcec154609ee76%40ODL.MIT.EDU", "submissionTime": null, "missingResponse": 0}], "displayElements": [4], "assessmentPartId": "assessment_authoring.AssessmentPart%3A57ee4bdcb3fcec154609ef8b%40ODL.MIT.EDU", "_id": "5804a79457e47503a48cd691"}, {"itemId": "assessment.Item%3A57ee4b9fb3fcec154609eea3%40ODL.MIT.EDU", "questionId": "assessment.Item%3A57ee4b9fb3fcec154609eea3%40ODL.MIT.EDU", "responses": [{"itemId": "assessment.Item%3A57ee4b9fb3fcec154609eea3%40ODL.MIT.EDU", "submissionTime": null, "missingResponse": 0}], "displayElements": [5], "assessmentPartId": "assessment_authoring.AssessmentPart%3A57ee4bdcb3fcec154609ef8b%40ODL.MIT.EDU", "_id": "5804a79457e47503a48cd692"}, {"itemId": "assessment.Item%3A57ee4babb3fcec154609eed0%40ODL.MIT.EDU", "questionId": "assessment.Item%3A57ee4babb3fcec154609eed0%40ODL.MIT.EDU", "responses": [{"itemId": "assessment.Item%3A57ee4babb3fcec154609eed0%40ODL.MIT.EDU", "submissionTime": null, "missingResponse": 0}], "displayElements": [6], "assessmentPartId": "assessment_authoring.AssessmentPart%3A57ee4bdcb3fcec154609ef8b%40ODL.MIT.EDU", "_id": "5804a79457e47503a48cd693"}], "assessmentPartId": "assessment_authoring.AssessmentPart%3A57ee4bdcb3fcec154609ef8b%40ODL.MIT.EDU", "_id": "5804a79357e47503a48cd68d"}