{"assessmentTakenId": "assessment.AssessmentTaken%3A5804a74c57e47503a48cd67d%40ODL.MIT.EDU", "recordTypeIds": [], "assessmentParts": [{"assessmentPartId": "assessment_authoring.AssessmentPart%3A57ff8039b3fcec148d8e3f33%40ODL.MIT.EDU", "requiresSequentialItems": false, "level": 0}], "questions": [{"itemId": "assessment.Item%3A57ff7ffbb3fcec148d8e3e1b%40ODL.MIT.EDU", "questionId": "assessment.Item%3A57ff7ffbb3fcec148d8e3e1b%40ODL.MIT.EDU", "responses": [{"itemId": "assessment.Item%3A57ff7ffbb3fcec148d8e3e1b%40ODL.MIT.EDU", "submissionTime": null, "missingResponse": 0}], "displayElements": [1], "assessmentPartId": "assessment_authoring.AssessmentPart%3A57ff8039b3fcec148d8e3f33%40ODL.MIT.EDU", "_id": "5804a74d57e47503a48cd67f"}, {"itemId": "assessment.Item%3A57ff8008b3fcec148d8e3e4e%40ODL.MIT.EDU", "questionId": "assessment.Item%3A57ff8008b3fcec148d8e3e4e%40ODL.MIT.EDU", "responses": [{"itemId": "assessment.Item%3A57ff8008b3fcec148d8e3e4e%40ODL.MIT.EDU", "submissionTime": null, "missingResponse": 0}], "displayElements": [2], "assessmentPartId": "assessment_authoring.AssessmentPart%3A57ff8039b3fcec148d8e3f33%40ODL.MIT.EDU", "_id": "5804a74d57e47503a48cd680"}, {"itemId": "assessment.Item%3A57ff8015b3fcec148d8e3e81%40ODL.MIT.EDU", "questionId": "assessment.Item%3A57ff8015b3fcec148d8e3e81%40ODL.MIT.EDU", "responses": [{"itemId": "assessment.Item%3A57ff8015b3fcec148d8e3e81%40ODL.MIT.EDU", "submissionTime": null, "missingResponse": 0}], "displayElements": [3], "assessmentPartId": "assessment_authoring.AssessmentPart%3A57ff8039b3fcec148d8e3f33%40ODL.MIT.EDU", "_id": "5804a74d57e47503a48cd681"}, {"itemId": "assessment.Item%3A57ff8020b3fcec148d8e3eb4%40ODL.MIT.EDU", "questionId": "assessment.Item%3A57ff8020b3fcec148d8e3eb4%40ODL.MIT.EDU", "responses": [{"itemId": "assessment.Item%3A57ff8020b3fcec148d8e3eb4%40ODL.MIT.EDU", "submissionTime": null, "missingResponse": 0}], "displayElements": [4], "assessmentPartId": "assessment_authoring.AssessmentPart%3A57ff8039b3fcec148d8e3f33%40ODL.MIT.EDU", "_id": "5804a74d57e47503a48cd682"}, {"itemId": "assessment.Item%3A57ff802cb3fcec148d8e3ef6%40ODL.MIT.EDU", "questionId": "assessment.Item%3A57ff802cb3fcec148d8e3ef6%40ODL.MIT.EDU", "responses": [{"itemId": "assessment.Item%3A57ff802cb3fcec148d8e3ef6%40ODL.MIT.EDU", "submissionTime": null, "missingResponse": 0}], "displayElements": [5], "assessmentPartId": "assessment_authoring.AssessmentPart%3A57ff8039b3fcec148d8e3f33%40ODL.MIT.EDU", "_id": "5804a74d57e47503a48cd683"}, {"itemId": "assessment.Item%3A57ff8039b3fcec148d8e3f29%40ODL.MIT.EDU", "questionId": "assessment.Item%3A57ff8039b3fcec148d8e3f29%40ODL.MIT.EDU", "responses": [{"itemId": "assessment.Item%3A57ff8039b3fcec148d8e3f29%40ODL.MIT.EDU", "submissionTime": null, "missingResponse": 0}], "displayElements": [6], "assessmentPartId": "assessment_authoring.AssessmentPart%3A57ff8039b3fcec148d8e3f33%40ODL.MIT.EDU", "_id": "5804a74d57e47503a48cd684"}], "assessmentPartId": "assessment_authoring.AssessmentPart%3A57ff8039b3fcec148d8e3f33%40ODL.MIT.EDU", "_id": "5804a74d57e47503a48cd67e"}