{"assessmentTakenId": "assessment.AssessmentTaken%3A5804a77e57e47503a48cd689%40ODL.MIT.EDU", "recordTypeIds": [], "assessmentParts": [{"assessmentPartId": "assessment_authoring.AssessmentPart%3A57ea25b3b3fcec1309c4ee38%40ODL.MIT.EDU", "requiresSequentialItems": false, "level": 0}], "questions": [{"itemId": "assessment.Item%3A57ea25b0b3fcec1309c4ee25%40ODL.MIT.EDU", "questionId": "assessment.Item%3A57ea25b0b3fcec1309c4ee25%40ODL.MIT.EDU", "responses": [{"itemId": "assessment.Item%3A57ea25b0b3fcec1309c4ee25%40ODL.MIT.EDU", "submissionTime": null, "missingResponse": 0}], "displayElements": [1], "assessmentPartId": "assessment_authoring.AssessmentPart%3A57ea25b3b3fcec1309c4ee38%40ODL.MIT.EDU", "_id": "5804a77e57e47503a48cd68b"}], "assessmentPartId": "assessment_authoring.AssessmentPart%3A57ea25b3b3fcec1309c4ee38%40ODL.MIT.EDU", "_id": "5804a77e57e47503a48cd68a"}