{"assessmentTakenId": "assessment.AssessmentTaken%3A5804a89057e47503a48cd6f3%40ODL.MIT.EDU", "recordTypeIds": [], "assessmentParts": [{"assessmentPartId": "assessment_authoring.AssessmentPart%3A57ee5efeb3fcec154609f167%40ODL.MIT.EDU", "requiresSequentialItems": false, "level": 0}], "questions": [{"itemId": "assessment.Item%3A57ee5efeb3fcec154609f163%40ODL.MIT.EDU", "questionId": "assessment.Item%3A57ee5efeb3fcec154609f163%40ODL.MIT.EDU", "responses": [{"itemId": "assessment.Item%3A57ee5efeb3fcec154609f163%40ODL.MIT.EDU", "submissionTime": null, "missingResponse": 0}], "displayElements": [1], "assessmentPartId": "assessment_authoring.AssessmentPart%3A57ee5efeb3fcec154609f167%40ODL.MIT.EDU", "_id": "5804a89257e47503a48cd6f5"}], "assessmentPartId": "assessment_authoring.AssessmentPart%3A57ee5efeb3fcec154609f167%40ODL.MIT.EDU", "_id": "5804a89257e47503a48cd6f4"}