{"assessmentTakenId": "assessment.AssessmentTaken%3A5804a81157e47503a48cd6cd%40ODL.MIT.EDU", "recordTypeIds": [], "assessmentParts": [{"assessmentPartId": "assessment_authoring.AssessmentPart%3A57fd2b8eb3fcec0b1b2a4e3e%40ODL.MIT.EDU", "requiresSequentialItems": false, "level": 0}], "questions": [{"itemId": "assessment.Item%3A57fd2b26b3fcec0b1b2a4cb2%40ODL.MIT.EDU", "questionId": "assessment.Item%3A57fd2b26b3fcec0b1b2a4cb2%40ODL.MIT.EDU", "responses": [{"itemId": "assessment.Item%3A57fd2b26b3fcec0b1b2a4cb2%40ODL.MIT.EDU", "submissionTime": null, "missingResponse": 0}], "displayElements": [1], "assessmentPartId": "assessment_authoring.AssessmentPart%3A57fd2b8eb3fcec0b1b2a4e3e%40ODL.MIT.EDU", "_id": "5804a81257e47503a48cd6cf"}, {"itemId": "assessment.Item%3A57fd2b33b3fcec0b1b2a4ced%40ODL.MIT.EDU", "questionId": "assessment.Item%3A57fd2b33b3fcec0b1b2a4ced%40ODL.MIT.EDU", "responses": [{"itemId": "assessment.Item%3A57fd2b33b3fcec0b1b2a4ced%40ODL.MIT.EDU", "submissionTime": null, "missingResponse": 0}], "displayElements": [2], "assessmentPartId": "assessment_authoring.AssessmentPart%3A57fd2b8eb3fcec0b1b2a4e3e%40ODL.MIT.EDU", "_id": "5804a81257e47503a48cd6d0"}, {"itemId": "assessment.Item%3A57fd2b3eb3fcec0b1b2a4d18%40ODL.MIT.EDU", "questionId": "assessment.Item%3A57fd2b3eb3fcec0b1b2a4d18%40ODL.MIT.EDU", "responses": [{"itemId": "assessment.Item%3A57fd2b3eb3fcec0b1b2a4d18%40ODL.MIT.EDU", "submissionTime": null, "missingResponse": 0}], "displayElements": [3], "assessmentPartId": "assessment_authoring.AssessmentPart%3A57fd2b8eb3fcec0b1b2a4e3e%40ODL.MIT.EDU", "_id": "5804a81257e47503a48cd6d1"}, {"itemId": "assessment.Item%3A57fd2b4cb3fcec0b1b2a4d43%40ODL.MIT.EDU", "questionId": "assessment.Item%3A57fd2b4cb3fcec0b1b2a4d43%40ODL.MIT.EDU", "responses": [{"itemId": "assessment.Item%3A57fd2b4cb3fcec0b1b2a4d43%40ODL.MIT.EDU", "submissionTime": null, "missingResponse": 0}], "displayElements": [4], "assessmentPartId": "assessment_authoring.AssessmentPart%3A57fd2b8eb3fcec0b1b2a4e3e%40ODL.MIT.EDU", "_id": "5804a81257e47503a48cd6d2"}, {"itemId": "assessment.Item%3A57fd2b5bb3fcec0b1b2a4d6e%40ODL.MIT.EDU", "questionId": "assessment.Item%3A57fd2b5bb3fcec0b1b2a4d6e%40ODL.MIT.EDU", "responses": [{"itemId": "assessment.Item%3A57fd2b5bb3fcec0b1b2a4d6e%40ODL.MIT.EDU", "submissionTime": null, "missingResponse": 0}], "displayElements": [5], "assessmentPartId": "assessment_authoring.AssessmentPart%3A57fd2b8eb3fcec0b1b2a4e3e%40ODL.MIT.EDU", "_id": "5804a81257e47503a48cd6d3"}, {"itemId": "assessment.Item%3A57fd2b6ab3fcec0b1b2a4da9%40ODL.MIT.EDU", "questionId": "assessment.Item%3A57fd2b6ab3fcec0b1b2a4da9%40ODL.MIT.EDU", "responses": [{"itemId": "assessment.Item%3A57fd2b6ab3fcec0b1b2a4da9%40ODL.MIT.EDU", "submissionTime": null, "missingResponse": 0}], "displayElements": [6], "assessmentPartId": "assessment_authoring.AssessmentPart%3A57fd2b8eb3fcec0b1b2a4e3e%40ODL.MIT.EDU", "_id": "5804a81257e47503a48cd6d4"}, {"itemId": "assessment.Item%3A57fd2b76b3fcec0b1b2a4dde%40ODL.MIT.EDU", "questionId": "assessment.Item%3A57fd2b76b3fcec0b1b2a4dde%40ODL.MIT.EDU", "responses": [{"itemId": "assessment.Item%3A57fd2b76b3fcec0b1b2a4dde%40ODL.MIT.EDU", "submissionTime": null, "missingResponse": 0}], "displayElements": [7], "assessmentPartId": "assessment_authoring.AssessmentPart%3A57fd2b8eb3fcec0b1b2a4e3e%40ODL.MIT.EDU", "_id": "5804a81257e47503a48cd6d5"}, {"itemId": "assessment.Item%3A57fd2b82b3fcec0b1b2a4e09%40ODL.MIT.EDU", "questionId": "assessment.Item%3A57fd2b82b3fcec0b1b2a4e09%40ODL.MIT.EDU", "responses": [{"itemId": "assessment.Item%3A57fd2b82b3fcec0b1b2a4e09%40ODL.MIT.EDU", "submissionTime": null, "missingResponse": 0}], "displayElements": [8], "assessmentPartId": "assessment_authoring.AssessmentPart%3A57fd2b8eb3fcec0b1b2a4e3e%40ODL.MIT.EDU", "_id": "5804a81257e47503a48cd6d6"}, {"itemId": "assessment.Item%3A57fd2b8eb3fcec0b1b2a4e34%40ODL.MIT.EDU", "questionId": "assessment.Item%3A57fd2b8eb3fcec0b1b2a4e34%40ODL.MIT.EDU", "responses": [{"itemId": "assessment.Item%3A57fd2b8eb3fcec0b1b2a4e34%40ODL.MIT.EDU", "submissionTime": null, "missingResponse": 0}], "displayElements": [9], "assessmentPartId": "assessment_authoring.AssessmentPart%3A57fd2b8eb3fcec0b1b2a4e3e%40ODL.MIT.EDU", "_id": "5804a81257e47503a48cd6d7"}], "assessmentPartId": "assessment_authoring.AssessmentPart%3A57fd2b8eb3fcec0b1b2a4e3e%40ODL.MIT.EDU", "_id": "5804a81257e47503a48cd6ce"}