{"assessmentTakenId": "assessment.AssessmentTaken%3A5804a7c257e47503a48cd6a1%40ODL.MIT.EDU", "recordTypeIds": [], "assessmentParts": [{"assessmentPartId": "assessment_authoring.AssessmentPart%3A57f5313cb3fcec3154d6b8a9%40ODL.MIT.EDU", "requiresSequentialItems": false, "level": 0}], "questions": [{"itemId": "assessment.Item%3A57f530e2b3fcec3154d6b721%40ODL.MIT.EDU", "questionId": "assessment.Item%3A57f530e2b3fcec3154d6b721%40ODL.MIT.EDU", "responses": [{"itemId": "assessment.Item%3A57f530e2b3fcec3154d6b721%40ODL.MIT.EDU", "submissionTime": null, "missingResponse": 0}], "displayElements": [1], "assessmentPartId": "assessment_authoring.AssessmentPart%3A57f5313cb3fcec3154d6b8a9%40ODL.MIT.EDU", "_id": "5804a7c357e47503a48cd6a3"}, {"itemId": "assessment.Item%3A57f530fdb3fcec3154d6b79b%40ODL.MIT.EDU", "questionId": "assessment.Item%3A57f530fdb3fcec3154d6b79b%40ODL.MIT.EDU", "responses": [{"itemId": "assessment.Item%3A57f530fdb3fcec3154d6b79b%40ODL.MIT.EDU", "submissionTime": null, "missingResponse": 0}], "displayElements": [2], "assessmentPartId": "assessment_authoring.AssessmentPart%3A57f5313cb3fcec3154d6b8a9%40ODL.MIT.EDU", "_id": "5804a7c357e47503a48cd6a4"}, {"itemId": "assessment.Item%3A57f5311cb3fcec3154d6b815%40ODL.MIT.EDU", "questionId": "assessment.Item%3A57f5311cb3fcec3154d6b815%40ODL.MIT.EDU", "responses": [{"itemId": "assessment.Item%3A57f5311cb3fcec3154d6b815%40ODL.MIT.EDU", "submissionTime": null, "missingResponse": 0}], "displayElements": [3], "assessmentPartId": "assessment_authoring.AssessmentPart%3A57f5313cb3fcec3154d6b8a9%40ODL.MIT.EDU", "_id": "5804a7c357e47503a48cd6a5"}, {"itemId": "assessment.Item%3A57f530f2b3fcec3154d6b75e%40ODL.MIT.EDU", "questionId": "assessment.Item%3A57f530f2b3fcec3154d6b75e%40ODL.MIT.EDU", "responses": [{"itemId": "assessment.Item%3A57f530f2b3fcec3154d6b75e%40ODL.MIT.EDU", "submissionTime": null, "missingResponse": 0}], "displayElements": [4], "assessmentPartId": "assessment_authoring.AssessmentPart%3A57f5313cb3fcec3154d6b8a9%40ODL.MIT.EDU", "_id": "5804a7c357e47503a48cd6a6"}, {"itemId": "assessment.Item%3A57f530d7b3fcec3154d6b6e4%40ODL.MIT.EDU", "questionId": "assessment.Item%3A57f530d7b3fcec3154d6b6e4%40ODL.MIT.EDU", "responses": [{"itemId": "assessment.Item%3A57f530d7b3fcec3154d6b6e4%40ODL.MIT.EDU", "submissionTime": null, "missingResponse": 0}], "displayElements": [5], "assessmentPartId": "assessment_authoring.AssessmentPart%3A57f5313cb3fcec3154d6b8a9%40ODL.MIT.EDU", "_id": "5804a7c357e47503a48cd6a7"}, {"itemId": "assessment.Item%3A57f5313bb3fcec3154d6b88f%40ODL.MIT.EDU", "questionId": "assessment.Item%3A57f5313bb3fcec3154d6b88f%40ODL.MIT.EDU", "responses": [{"itemId": "assessment.Item%3A57f5313bb3fcec3154d6b88f%40ODL.MIT.EDU", "submissionTime": null, "missingResponse": 0}], "displayElements": [6], "assessmentPartId": "assessment_authoring.AssessmentPart%3A57f5313cb3fcec3154d6b8a9%40ODL.MIT.EDU", "_id": "5804a7c357e47503a48cd6a8"}, {"itemId": "assessment.Item%3A57f5310eb3fcec3154d6b7d8%40ODL.MIT.EDU", "questionId": "assessment.Item%3A57f5310eb3fcec3154d6b7d8%40ODL.MIT.EDU", "responses": [{"itemId": "assessment.Item%3A57f5310eb3fcec3154d6b7d8%40ODL.MIT.EDU", "submissionTime": null, "missingResponse": 0}], "displayElements": [7], "assessmentPartId": "assessment_authoring.AssessmentPart%3A57f5313cb3fcec3154d6b8a9%40ODL.MIT.EDU", "_id": "5804a7c357e47503a48cd6a9"}, {"itemId": "assessment.Item%3A57f53129b3fcec3154d6b852%40ODL.MIT.EDU", "questionId": "assessment.Item%3A57f53129b3fcec3154d6b852%40ODL.MIT.EDU", "responses": [{"itemId": "assessment.Item%3A57f53129b3fcec3154d6b852%40ODL.MIT.EDU", "submissionTime": null, "missingResponse": 0}], "displayElements": [8], "assessmentPartId": "assessment_authoring.AssessmentPart%3A57f5313cb3fcec3154d6b8a9%40ODL.MIT.EDU", "_id": "5804a7c357e47503a48cd6aa"}], "assessmentPartId": "assessment_authoring.AssessmentPart%3A57f5313cb3fcec3154d6b8a9%40ODL.MIT.EDU", "_id": "5804a7c357e47503a48cd6a2"}