{"assessmentTakenId": "assessment.AssessmentTaken%3A582553ca501e140d4027d232%40ODL.MIT.EDU", "recordTypeIds": [], "assessmentParts": [{"assessmentPartId": "assessment_authoring.AssessmentPart%3A57ee5efeb3fcec154609f167%40ODL.MIT.EDU", "requiresSequentialItems": false, "level": 0}], "questions": [{"itemId": "assessment.Item%3A57ee5efeb3fcec154609f163%40ODL.MIT.EDU", "questionId": "assessment.Item%3A57ee5efeb3fcec154609f163%40ODL.MIT.EDU", "responses": [{"itemId": "assessment.Item%3A57ee5efeb3fcec154609f163%40ODL.MIT.EDU", "submissionTime": null, "missingResponse": 0}], "displayElements": [1], "assessmentPartId": "assessment_authoring.AssessmentPart%3A57ee5efeb3fcec154609f167%40ODL.MIT.EDU", "_id": "582553cd501e140d4027d234"}], "assessmentPartId": "assessment_authoring.AssessmentPart%3A57ee5efeb3fcec154609f167%40ODL.MIT.EDU", "_id": "582553cc501e140d4027d233"}