{"assessmentTakenId": "assessment.AssessmentTaken%3A582bdfbc501e1407482d7a81%40ODL.MIT.EDU", "recordTypeIds": [], "assessmentParts": [{"assessmentPartId": "assessment_authoring.AssessmentPart%3A57ea25b3b3fcec1309c4ee3a%40ODL.MIT.EDU", "requiresSequentialItems": false, "level": 0}], "questions": [{"itemId": "assessment.Item%3A57ea25b3b3fcec1309c4ee35%40ODL.MIT.EDU", "questionId": "assessment.Item%3A57ea25b3b3fcec1309c4ee35%40ODL.MIT.EDU", "responses": [{"itemId": "assessment.Item%3A57ea25b3b3fcec1309c4ee35%40ODL.MIT.EDU", "submissionTime": null, "missingResponse": 0}], "displayElements": [1], "assessmentPartId": "assessment_authoring.AssessmentPart%3A57ea25b3b3fcec1309c4ee3a%40ODL.MIT.EDU", "_id": "582bdfbe501e1407482d7a83"}], "assessmentPartId": "assessment_authoring.AssessmentPart%3A57ea25b3b3fcec1309c4ee3a%40ODL.MIT.EDU", "_id": "582bdfbd501e1407482d7a82"}