{"_id": "58021ffe57e47513fc9e88e1", "displayName": {"text": "", "languageTypeId": "639-2%3AENG%40ISO", "scriptTypeId": "15924%3ALATN%40ISO", "formatTypeId": "TextFormats%3APLAIN%40okapia.net"}, "description": {"text": "", "languageTypeId": "639-2%3AENG%40ISO", "scriptTypeId": "15924%3ALATN%40ISO", "formatTypeId": "TextFormats%3APLAIN%40okapia.net"}, "recordTypeIds": ["logging.LogEntry%3Atext-blob%40ODL.MIT.EDU"], "text": {"text": "{\"action\": \"record audio stop\", \"questionId\": \"assessment.Item%3A58021ff557e47513fc9e88e0%40assessment-session\", \"assessmentOfferedId\": \"assessment.AssessmentOffered:57ea262db3fcec1309c4ee5e@ODL.MIT.EDU\", \"mediaTime\": 3.079546485260771}", "languageTypeId": "639-2%3AENG%40ISO", "formatTypeId": "TextFormats%3APLAIN%40okapia.net", "scriptTypeId": "15924%3ALATN%40ISO"}, "priorityId": "NoneType%3ANONE%40dlkit.mit.edu", "genusTypeId": "GenusType%3ADEFAULT%40DLKIT.MIT.EDU", "timestamp": {"hour": 12, "month": 10, "second": 30, "microsecond": 618000, "year": 2016, "tzinfo": null, "day": 15, "minute": 24}, "assignedLogIds": ["logging.Log%3A57ea25b2b3fcec1309c4ee2f%40ODL.MIT.EDU"], "agentId": "osid.agent.Agent%3A64b11cfb-b68d-4101-c871-60c84be78120%40MIT-ODL"}