{"_id": "5802222057e47513fc9e891d", "displayName": {"text": "", "languageTypeId": "639-2%3AENG%40ISO", "scriptTypeId": "15924%3ALATN%40ISO", "formatTypeId": "TextFormats%3APLAIN%40okapia.net"}, "description": {"text": "", "languageTypeId": "639-2%3AENG%40ISO", "scriptTypeId": "15924%3ALATN%40ISO", "formatTypeId": "TextFormats%3APLAIN%40okapia.net"}, "recordTypeIds": ["logging.LogEntry%3Atext-blob%40ODL.MIT.EDU"], "text": {"text": "{\"action\": \"click next button\", \"questionId\": \"assessment.Item%3A5802203957e47513fc9e88f8%40assessment-session\", \"assessmentOfferedId\": \"assessment.AssessmentOffered:5802196eb3fcec148d8e4bf5@ODL.MIT.EDU\"}", "languageTypeId": "639-2%3AENG%40ISO", "formatTypeId": "TextFormats%3APLAIN%40okapia.net", "scriptTypeId": "15924%3ALATN%40ISO"}, "priorityId": "NoneType%3ANONE%40dlkit.mit.edu", "genusTypeId": "GenusType%3ADEFAULT%40DLKIT.MIT.EDU", "timestamp": {"hour": 12, "month": 10, "second": 36, "microsecond": 449000, "year": 2016, "tzinfo": null, "day": 15, "minute": 33}, "assignedLogIds": ["logging.Log%3A57ee0acdb3fcec154609eaad%40ODL.MIT.EDU"], "agentId": "osid.agent.Agent%3A64b11cfb-b68d-4101-c871-60c84be78120%40MIT-ODL"}