{"_id": "5802231e57e47513fc9e8933", "displayName": {"text": "", "languageTypeId": "639-2%3AENG%40ISO", "scriptTypeId": "15924%3ALATN%40ISO", "formatTypeId": "TextFormats%3APLAIN%40okapia.net"}, "description": {"text": "", "languageTypeId": "639-2%3AENG%40ISO", "scriptTypeId": "15924%3ALATN%40ISO", "formatTypeId": "TextFormats%3APLAIN%40okapia.net"}, "recordTypeIds": ["logging.LogEntry%3Atext-blob%40ODL.MIT.EDU"], "text": {"text": "{\"action\": \"click next button\", \"questionId\": \"assessment.Item%3A5802202057e47513fc9e88e5%40assessment-session\", \"assessmentOfferedId\": \"assessment.AssessmentOffered:58012c00b3fcec148d8e4b8e@ODL.MIT.EDU\"}", "languageTypeId": "639-2%3AENG%40ISO", "formatTypeId": "TextFormats%3APLAIN%40okapia.net", "scriptTypeId": "15924%3ALATN%40ISO"}, "priorityId": "NoneType%3ANONE%40dlkit.mit.edu", "genusTypeId": "GenusType%3ADEFAULT%40DLKIT.MIT.EDU", "timestamp": {"hour": 12, "month": 10, "second": 50, "microsecond": 869000, "year": 2016, "tzinfo": null, "day": 15, "minute": 37}, "assignedLogIds": ["logging.Log%3A58012b5db3fcec148d8e4af9%40ODL.MIT.EDU"], "agentId": "osid.agent.Agent%3A64b11cfb-b68d-4101-c871-60c84be78120%40MIT-ODL"}