{"_id": "5803739157e4750ba80c31f7", "displayName": {"text": "", "languageTypeId": "639-2%3AENG%40ISO", "scriptTypeId": "15924%3ALATN%40ISO", "formatTypeId": "TextFormats%3APLAIN%40okapia.net"}, "description": {"text": "", "languageTypeId": "639-2%3AENG%40ISO", "scriptTypeId": "15924%3ALATN%40ISO", "formatTypeId": "TextFormats%3APLAIN%40okapia.net"}, "recordTypeIds": ["logging.LogEntry%3Atext-blob%40ODL.MIT.EDU"], "text": {"text": "{\"action\": \"play audio\", \"questionId\": \"assessment.Item%3A5803738a57e4750ba80c31f1%40assessment-session\", \"assessmentOfferedId\": \"assessment.AssessmentOffered:57ffeb19b3fcec148d8e4ab3@ODL.MIT.EDU\", \"mediaId\": \"\", \"mediaTime\": 0}", "languageTypeId": "639-2%3AENG%40ISO", "formatTypeId": "TextFormats%3APLAIN%40okapia.net", "scriptTypeId": "15924%3ALATN%40ISO"}, "priorityId": "NoneType%3ANONE%40dlkit.mit.edu", "genusTypeId": "GenusType%3ADEFAULT%40DLKIT.MIT.EDU", "timestamp": {"hour": 12, "month": 10, "second": 21, "microsecond": 760000, "year": 2016, "tzinfo": null, "day": 16, "minute": 33}, "assignedLogIds": ["logging.Log%3A57ee4b6ab3fcec154609eddc%40ODL.MIT.EDU"], "agentId": "osid.agent.Agent%3Adaa38900-dafe-4dcf-e0dc-b639e7607fc4%40MIT-ODL"}