{"_id": "5803545debff700d90b88f3a", "displayName": {"text": "", "languageTypeId": "639-2%3AENG%40ISO", "scriptTypeId": "15924%3ALATN%40ISO", "formatTypeId": "TextFormats%3APLAIN%40okapia.net"}, "description": {"text": "", "languageTypeId": "639-2%3AENG%40ISO", "scriptTypeId": "15924%3ALATN%40ISO", "formatTypeId": "TextFormats%3APLAIN%40okapia.net"}, "recordTypeIds": ["logging.LogEntry%3Atext-blob%40ODL.MIT.EDU"], "text": {"text": "{\"action\": \"click next button\", \"questionId\": \"assessment.Item%3A5803541debff700d90b88f27%40assessment-session\", \"assessmentOfferedId\": \"assessment.AssessmentOffered:5802196eb3fcec148d8e4bf5@ODL.MIT.EDU\"}", "languageTypeId": "639-2%3AENG%40ISO", "formatTypeId": "TextFormats%3APLAIN%40okapia.net", "scriptTypeId": "15924%3ALATN%40ISO"}, "priorityId": "NoneType%3ANONE%40dlkit.mit.edu", "genusTypeId": "GenusType%3ADEFAULT%40DLKIT.MIT.EDU", "timestamp": {"hour": 10, "month": 10, "second": 13, "microsecond": 245000, "year": 2016, "tzinfo": null, "day": 16, "minute": 20}, "assignedLogIds": ["logging.Log%3A57ee0acdb3fcec154609eaad%40ODL.MIT.EDU"], "agentId": "osid.agent.Agent%3Ae2c135eb-cf0b-420e-1032-10001834dfcc%40MIT-ODL"}