{"_id": "5804a81557e47503a48cd6d8", "displayName": {"text": "", "languageTypeId": "639-2%3AENG%40ISO", "scriptTypeId": "15924%3ALATN%40ISO", "formatTypeId": "TextFormats%3APLAIN%40okapia.net"}, "description": {"text": "", "languageTypeId": "639-2%3AENG%40ISO", "scriptTypeId": "15924%3ALATN%40ISO", "formatTypeId": "TextFormats%3APLAIN%40okapia.net"}, "recordTypeIds": ["logging.LogEntry%3Atext-blob%40ODL.MIT.EDU"], "text": {"text": "{\"action\": \"play audio\", \"questionId\": \"assessment.Item%3A5804a81257e47503a48cd6cf%40assessment-session\", \"assessmentOfferedId\": \"assessment.AssessmentOffered:57ffe698b3fcec148d8e48ab@ODL.MIT.EDU\", \"mediaId\": \"\", \"mediaTime\": 0}", "languageTypeId": "639-2%3AENG%40ISO", "formatTypeId": "TextFormats%3APLAIN%40okapia.net", "scriptTypeId": "15924%3ALATN%40ISO"}, "priorityId": "NoneType%3ANONE%40dlkit.mit.edu", "genusTypeId": "GenusType%3ADEFAULT%40DLKIT.MIT.EDU", "timestamp": {"hour": 10, "month": 10, "second": 41, "microsecond": 149000, "year": 2016, "tzinfo": null, "day": 17, "minute": 29}, "assignedLogIds": ["logging.Log%3A57e8ff6eb3fcec1309c4e3fa%40ODL.MIT.EDU"], "agentId": "osid.agent.Agent%3Acca77f6a-66b1-4fc0-9211-68981ee14622%40MIT-ODL"}