{"_id": "5804a7f857e47503a48cd6c5", "displayName": {"text": "", "languageTypeId": "639-2%3AENG%40ISO", "scriptTypeId": "15924%3ALATN%40ISO", "formatTypeId": "TextFormats%3APLAIN%40okapia.net"}, "description": {"text": "", "languageTypeId": "639-2%3AENG%40ISO", "scriptTypeId": "15924%3ALATN%40ISO", "formatTypeId": "TextFormats%3APLAIN%40okapia.net"}, "recordTypeIds": ["logging.LogEntry%3Atext-blob%40ODL.MIT.EDU"], "text": {"text": "{\"action\": \"select answer\", \"questionId\": \"assessment.Item%3A5804a7d457e47503a48cd6b0%40assessment-session\", \"assessmentOfferedId\": \"assessment.AssessmentOffered:57ffe09db3fcec148d8e47e9@ODL.MIT.EDU\", \"targetAnswer\": \"\\n    <p>\\n     <span data-sheets-userformat=\\\"{\\\" data-sheets-value=\\\"{\\\">\\n      Kanasu, Zo and Sahir had a holiday.\\n     </span>\\n    </p>\\n    <p>\\n     <audio controls=\\\"controls\\\" style=\\\"width: 125px\\\">\\n      <source src=\\\"https://localhost:8080/api/v1/repository/repositories/repository.Repository%3A57e8fb08b3fcec1309c4e0ee%40ODL.MIT.EDU/assets/repository.Asset%3A57fbd417b3fcec7e0a2026a8%40ODL.MIT.EDU/contents/repository.AssetContent%3A57fbd417b3fcec7e0a2026aa%40ODL.MIT.EDU\\\" type=\\\"audio/mpeg\\\"/>\\n     </audio>\\n    </p>\\n   \"}", "languageTypeId": "639-2%3AENG%40ISO", "formatTypeId": "TextFormats%3APLAIN%40okapia.net", "scriptTypeId": "15924%3ALATN%40ISO"}, "priorityId": "NoneType%3ANONE%40dlkit.mit.edu", "genusTypeId": "GenusType%3ADEFAULT%40DLKIT.MIT.EDU", "timestamp": {"hour": 10, "month": 10, "second": 12, "microsecond": 314000, "year": 2016, "tzinfo": null, "day": 17, "minute": 29}, "assignedLogIds": ["logging.Log%3A57e8fb08b3fcec1309c4e0ee%40ODL.MIT.EDU"], "agentId": "osid.agent.Agent%3Acca77f6a-66b1-4fc0-9211-68981ee14622%40MIT-ODL"}