{"_id": "5804a75157e47503a48cd685", "displayName": {"text": "", "languageTypeId": "639-2%3AENG%40ISO", "scriptTypeId": "15924%3ALATN%40ISO", "formatTypeId": "TextFormats%3APLAIN%40okapia.net"}, "description": {"text": "", "languageTypeId": "639-2%3AENG%40ISO", "scriptTypeId": "15924%3ALATN%40ISO", "formatTypeId": "TextFormats%3APLAIN%40okapia.net"}, "recordTypeIds": ["logging.LogEntry%3Atext-blob%40ODL.MIT.EDU"], "text": {"text": "{\"action\": \"play audio\", \"questionId\": \"assessment.Item%3A5804a74d57e47503a48cd67f%40assessment-session\", \"assessmentOfferedId\": \"assessment.AssessmentOffered:57ff8995b3fcec148d8e4382@ODL.MIT.EDU\", \"mediaId\": \"\", \"mediaTime\": 0}", "languageTypeId": "639-2%3AENG%40ISO", "formatTypeId": "TextFormats%3APLAIN%40okapia.net", "scriptTypeId": "15924%3ALATN%40ISO"}, "priorityId": "NoneType%3ANONE%40dlkit.mit.edu", "genusTypeId": "GenusType%3ADEFAULT%40DLKIT.MIT.EDU", "timestamp": {"hour": 10, "month": 10, "second": 25, "microsecond": 7000, "year": 2016, "tzinfo": null, "day": 17, "minute": 26}, "assignedLogIds": ["logging.Log%3A57f4c38fb3fcec3154d6b44f%40ODL.MIT.EDU"], "agentId": "osid.agent.Agent%3Acca77f6a-66b1-4fc0-9211-68981ee14622%40MIT-ODL"}