{"_id": "5804f54a57e4750da00fd7ce", "displayName": {"text": "", "languageTypeId": "639-2%3AENG%40ISO", "scriptTypeId": "15924%3ALATN%40ISO", "formatTypeId": "TextFormats%3APLAIN%40okapia.net"}, "description": {"text": "", "languageTypeId": "639-2%3AENG%40ISO", "scriptTypeId": "15924%3ALATN%40ISO", "formatTypeId": "TextFormats%3APLAIN%40okapia.net"}, "recordTypeIds": ["logging.LogEntry%3Atext-blob%40ODL.MIT.EDU"], "text": {"text": "{\"action\": \"play audio\", \"questionId\": \"assessment.Item%3A5804f54857e4750da00fd7ca%40assessment-session\", \"assessmentOfferedId\": \"assessment.AssessmentOffered:57ff198ab3fcec148d8e3714@ODL.MIT.EDU\", \"mediaId\": \"\", \"mediaTime\": 0}", "languageTypeId": "639-2%3AENG%40ISO", "formatTypeId": "TextFormats%3APLAIN%40okapia.net", "scriptTypeId": "15924%3ALATN%40ISO"}, "priorityId": "NoneType%3ANONE%40dlkit.mit.edu", "genusTypeId": "GenusType%3ADEFAULT%40DLKIT.MIT.EDU", "timestamp": {"hour": 15, "month": 10, "second": 6, "microsecond": 844000, "year": 2016, "tzinfo": null, "day": 17, "minute": 59}, "assignedLogIds": ["logging.Log%3A57f89969b3fcec3154d6cf72%40ODL.MIT.EDU"], "agentId": "osid.agent.Agent%3Aa4560a5f-1f61-4a1b-08d8-9b1344b61495%40MIT-ODL"}