{"_id": "5804a7c757e47503a48cd6ac", "displayName": {"text": "", "languageTypeId": "639-2%3AENG%40ISO", "scriptTypeId": "15924%3ALATN%40ISO", "formatTypeId": "TextFormats%3APLAIN%40okapia.net"}, "description": {"text": "", "languageTypeId": "639-2%3AENG%40ISO", "scriptTypeId": "15924%3ALATN%40ISO", "formatTypeId": "TextFormats%3APLAIN%40okapia.net"}, "recordTypeIds": ["logging.LogEntry%3Atext-blob%40ODL.MIT.EDU"], "text": {"text": "{\"action\": \"pause audio\", \"questionId\": \"assessment.Item%3A5804a7c357e47503a48cd6a3%40assessment-session\", \"assessmentOfferedId\": \"assessment.AssessmentOffered:57ffd9c3b3fcec148d8e4782@ODL.MIT.EDU\", \"mediaId\": \"\", \"mediaTime\": 1.599914}", "languageTypeId": "639-2%3AENG%40ISO", "formatTypeId": "TextFormats%3APLAIN%40okapia.net", "scriptTypeId": "15924%3ALATN%40ISO"}, "priorityId": "NoneType%3ANONE%40dlkit.mit.edu", "genusTypeId": "GenusType%3ADEFAULT%40DLKIT.MIT.EDU", "timestamp": {"hour": 10, "month": 10, "second": 23, "microsecond": 384000, "year": 2016, "tzinfo": null, "day": 17, "minute": 28}, "assignedLogIds": ["logging.Log%3A57e8f2c9b3fcec1309c4db3c%40ODL.MIT.EDU"], "agentId": "osid.agent.Agent%3Acca77f6a-66b1-4fc0-9211-68981ee14622%40MIT-ODL"}