{"_id": "5804774357e4751918a3fe75", "displayName": {"text": "", "languageTypeId": "639-2%3AENG%40ISO", "scriptTypeId": "15924%3ALATN%40ISO", "formatTypeId": "TextFormats%3APLAIN%40okapia.net"}, "description": {"text": "", "languageTypeId": "639-2%3AENG%40ISO", "scriptTypeId": "15924%3ALATN%40ISO", "formatTypeId": "TextFormats%3APLAIN%40okapia.net"}, "recordTypeIds": ["logging.LogEntry%3Atext-blob%40ODL.MIT.EDU"], "text": {"text": "{\"action\": \"play audio\", \"questionId\": \"assessment.Item%3A5804774257e4751918a3fe71%40assessment-session\", \"assessmentOfferedId\": \"assessment.AssessmentOffered:57ff198ab3fcec148d8e3714@ODL.MIT.EDU\", \"mediaId\": \"\", \"mediaTime\": 0}", "languageTypeId": "639-2%3AENG%40ISO", "formatTypeId": "TextFormats%3APLAIN%40okapia.net", "scriptTypeId": "15924%3ALATN%40ISO"}, "priorityId": "NoneType%3ANONE%40dlkit.mit.edu", "genusTypeId": "GenusType%3ADEFAULT%40DLKIT.MIT.EDU", "timestamp": {"hour": 7, "month": 10, "second": 23, "microsecond": 869000, "year": 2016, "tzinfo": null, "day": 17, "minute": 1}, "assignedLogIds": ["logging.Log%3A57f89969b3fcec3154d6cf72%40ODL.MIT.EDU"], "agentId": "osid.agent.Agent%3A49dc6f63-5617-464a-9c85-d3cc0670f861%40MIT-ODL"}