{"_id": "5804a7f257e47503a48cd6c3", "displayName": {"text": "", "languageTypeId": "639-2%3AENG%40ISO", "scriptTypeId": "15924%3ALATN%40ISO", "formatTypeId": "TextFormats%3APLAIN%40okapia.net"}, "description": {"text": "", "languageTypeId": "639-2%3AENG%40ISO", "scriptTypeId": "15924%3ALATN%40ISO", "formatTypeId": "TextFormats%3APLAIN%40okapia.net"}, "recordTypeIds": ["logging.LogEntry%3Atext-blob%40ODL.MIT.EDU"], "text": {"text": "{\"action\": \"click next button\", \"questionId\": \"assessment.Item%3A5804a7d457e47503a48cd6af%40assessment-session\", \"assessmentOfferedId\": \"assessment.AssessmentOffered:57ffe09db3fcec148d8e47e9@ODL.MIT.EDU\"}", "languageTypeId": "639-2%3AENG%40ISO", "formatTypeId": "TextFormats%3APLAIN%40okapia.net", "scriptTypeId": "15924%3ALATN%40ISO"}, "priorityId": "NoneType%3ANONE%40dlkit.mit.edu", "genusTypeId": "GenusType%3ADEFAULT%40DLKIT.MIT.EDU", "timestamp": {"hour": 10, "month": 10, "second": 6, "microsecond": 306000, "year": 2016, "tzinfo": null, "day": 17, "minute": 29}, "assignedLogIds": ["logging.Log%3A57e8fb08b3fcec1309c4e0ee%40ODL.MIT.EDU"], "agentId": "osid.agent.Agent%3Acca77f6a-66b1-4fc0-9211-68981ee14622%40MIT-ODL"}