{"_id": "582be330501e1407482d7aad", "displayName": {"text": "", "languageTypeId": "639-2%3AENG%40ISO", "scriptTypeId": "15924%3ALATN%40ISO", "formatTypeId": "TextFormats%3APLAIN%40okapia.net"}, "description": {"text": "", "languageTypeId": "639-2%3AENG%40ISO", "scriptTypeId": "15924%3ALATN%40ISO", "formatTypeId": "TextFormats%3APLAIN%40okapia.net"}, "recordTypeIds": ["logging.LogEntry%3Atext-blob%40ODL.MIT.EDU"], "text": {"text": "{\"action\": \"play audio\", \"questionId\": \"assessment.Item%3A582bdfbe501e1407482d7a83%40assessment-session\", \"assessmentOfferedId\": \"assessment.AssessmentOffered:57ea262db3fcec1309c4ee5e@ODL.MIT.EDU\", \"mediaId\": \"https://localhost:8888/oea/?unlock_next=ON_CORRECT&api_url=https://localhost:8080/api/v1&bank=assessment.Bank%3A57ea25b2b3fcec1309c4ee2f%40ODL.MIT.EDU&assessment_offered_id=assessment.AssessmentOffered%3A57ea262db3fcec1309c4ee5e%40ODL.MIT.EDU\", \"mediaTime\": 0}", "languageTypeId": "639-2%3AENG%40ISO", "formatTypeId": "TextFormats%3APLAIN%40okapia.net", "scriptTypeId": "15924%3ALATN%40ISO"}, "priorityId": "NoneType%3ANONE%40dlkit.mit.edu", "genusTypeId": "GenusType%3ADEFAULT%40DLKIT.MIT.EDU", "timestamp": {"hour": 4, "month": 11, "second": 16, "microsecond": 310000, "year": 2016, "tzinfo": null, "day": 16, "minute": 40}, "assignedLogIds": ["logging.Log%3A57ea25b2b3fcec1309c4ee2f%40ODL.MIT.EDU"], "agentId": "osid.agent.Agent%3A282f5a2b-90e0-4f2c-2728-9afdb8157d06%40MIT-ODL"}