File Name,AssessmentTaken ID,AssessmentPart ID,Question Item ID,Question ID,Question Response ID,Choice Response ID,Question Item ID,Question ID,Question Response ID,Choice Response ID,Question Item ID,Question ID,Question Response ID,Choice Response ID,Question Item ID,Question ID,Question Response ID,Choice Response ID,Question Item ID,Question ID,Question Response ID,Choice Response ID,Question Item ID,Question ID,Question Response ID,Choice Response ID,Question Item ID,Question ID,Question Response ID,Choice Response ID,Question Item ID,Question ID,Question Response ID,Choice Response ID,Question Item ID,Question ID,Question Response ID,Choice Response ID,Question Item ID,Question ID,Question Response ID,Choice Response ID,Question Item ID,Question ID,Question Response ID,Choice Response ID,Question Item ID,Question ID,Question Response ID,Choice Response ID,Question Item ID,Question ID,Question Response ID,Choice Response ID,Question Item ID,Question ID,Question Response ID,Choice Response ID,Question Item ID,Question ID,Question Response ID,Choice Response ID,,,
5804a85257e47503a48cd6de.json,5804a85157e47503a48cd6dd,57ee0b25b3fcec154609ec20,57ee0ad0b3fcec154609eab7,57ee0ad0b3fcec154609eab7,5804a85357e47503a48cd6df,ide1cbba4d-7420-4425-a489-f2e23d282eb4,57ee0ad6b3fcec154609eadc,57ee0ad6b3fcec154609eadc,5804a85357e47503a48cd6e0,id6303dced-36a9-41c2-b323-f3504e57d6c9,57ee0adcb3fcec154609eaf7,57ee0adcb3fcec154609eaf7,57ee0adcb3fcec154609eaf7,0,57ee0ae3b3fcec154609eb12,57ee0ae3b3fcec154609eb12,57ee0ae3b3fcec154609eb12,0,57ee0ae8b3fcec154609eb29,57ee0ae8b3fcec154609eb29,57ee0ae8b3fcec154609eb29,0,57ee0af0b3fcec154609eb4d,57ee0af0b3fcec154609eb4d,57ee0af0b3fcec154609eb4d,0,57ee0af6b3fcec154609eb68,57ee0af6b3fcec154609eb68,57ee0af6b3fcec154609eb68,0,57ee0afbb3fcec154609eb7f,57ee0afbb3fcec154609eb7f,57ee0afbb3fcec154609eb7f,0,57ee0b01b3fcec154609eb9a,57ee0b01b3fcec154609eb9a,57ee0b01b3fcec154609eb9a,0,57ee0b07b3fcec154609ebb5,57ee0b07b3fcec154609ebb5,57ee0b07b3fcec154609ebb5,0,57ee0b0db3fcec154609ebca,57ee0b0db3fcec154609ebca,57ee0b0db3fcec154609ebca,0,57ee0b13b3fcec154609ebe1,57ee0b13b3fcec154609ebe1,57ee0b13b3fcec154609ebe1,0,57ee0b19b3fcec154609ebf6,57ee0b19b3fcec154609ebf6,57ee0b19b3fcec154609ebf6,0,57ee0b1fb3fcec154609ec0b,57ee0b1fb3fcec154609ec0b,57ee0b1fb3fcec154609ec0b,0,57ee0b25b3fcec154609ec1c,57ee0b25b3fcec154609ec1c,57ee0b25b3fcec154609ec1c,0,,,
5802203857e47513fc9e88ed.json,5802203757e47513fc9e88ec,57ee0b25b3fcec154609ec20,57ee0ad0b3fcec154609eab7,57ee0ad0b3fcec154609eab7,5802203957e47513fc9e88ee,id354055b5-c247-47d4-a715-f1a2d99e7167,57ee0ad6b3fcec154609eadc,57ee0ad6b3fcec154609eadc,5802203957e47513fc9e88ef,id32a64381-fd10-410a-aff4-b767e0a92d8a,57ee0adcb3fcec154609eaf7,57ee0adcb3fcec154609eaf7,5802203957e47513fc9e88f0,idf49cab6d-d3fa-406a-acc7-840cbdb6e477,57ee0ae3b3fcec154609eb12,57ee0ae3b3fcec154609eb12,5802203957e47513fc9e88f1,id9cf68097-0c06-4286-961f-8eb4a3f9b76e,57ee0ae8b3fcec154609eb29,57ee0ae8b3fcec154609eb29,5802203957e47513fc9e88f2,id0e11d5c7-e9fd-41aa-936a-ed73dada6ace,57ee0af0b3fcec154609eb4d,57ee0af0b3fcec154609eb4d,5802203957e47513fc9e88f3,id0835dc0e-5646-4668-8cad-9e0393cad7d0,57ee0af6b3fcec154609eb68,57ee0af6b3fcec154609eb68,5802203957e47513fc9e88f4,id2e604627-3233-409b-9216-22aa08316e2a,57ee0afbb3fcec154609eb7f,57ee0afbb3fcec154609eb7f,5802203957e47513fc9e88f5,idc24b203b-8c81-4e4d-b4f7-d596038288e3,57ee0b01b3fcec154609eb9a,57ee0b01b3fcec154609eb9a,5802203957e47513fc9e88f6,ide4a53200-321d-40f2-8b50-eeff728c4935,57ee0b07b3fcec154609ebb5,57ee0b07b3fcec154609ebb5,5802203957e47513fc9e88f7,id8970777b-b6f0-42c4-ba07-8af659d3c2c8,57ee0b0db3fcec154609ebca,57ee0b0db3fcec154609ebca,5802203957e47513fc9e88f8,id149fd4b5-86f9-4676-b300-80a1b61b16a7,57ee0b13b3fcec154609ebe1,57ee0b13b3fcec154609ebe1,5802203957e47513fc9e88f9,gfhfd,57ee0b19b3fcec154609ebf6,57ee0b19b3fcec154609ebf6,5802203957e47513fc9e88fa,", n.,vcnx",57ee0b1fb3fcec154609ec0b,57ee0b1fb3fcec154609ec0b,5802203957e47513fc9e88fb,j,fljg'dfsj,57ee0b25b3fcec154609ec1c,57ee0b25b3fcec154609ec1c,5802203957e47513fc9e88fc,upougp,5802203957e47513fc9e88fc,upougp
5804f54857e4750da00fd7c9.json,5804f54757e4750da00fd7c8,57fcd340b3fcec7e0a202a03,57fcd26bb3fcec7e0a202950,57fcd26bb3fcec7e0a202950,57fcd26bb3fcec7e0a202950,0,57fcd2adb3fcec7e0a202987,57fcd2adb3fcec7e0a202987,57fcd2adb3fcec7e0a202987,0,57fcd2f4b3fcec7e0a2029be,57fcd2f4b3fcec7e0a2029be,57fcd2f4b3fcec7e0a2029be,0,57fcd33db3fcec7e0a2029f5,57fcd33db3fcec7e0a2029f5,57fcd33db3fcec7e0a2029f5,0,,,,,,,,,,,,,,,,,,,,,,,,,,,,,,,,,,,,,,,,,,,,,,,
5804a81257e47503a48cd6ce.json,5804a81157e47503a48cd6cd,57fd2b8eb3fcec0b1b2a4e3e,57fd2b26b3fcec0b1b2a4cb2,57fd2b26b3fcec0b1b2a4cb2,57fd2b26b3fcec0b1b2a4cb2,0,57fd2b33b3fcec0b1b2a4ced,57fd2b33b3fcec0b1b2a4ced,57fd2b33b3fcec0b1b2a4ced,0,57fd2b3eb3fcec0b1b2a4d18,57fd2b3eb3fcec0b1b2a4d18,57fd2b3eb3fcec0b1b2a4d18,0,57fd2b4cb3fcec0b1b2a4d43,57fd2b4cb3fcec0b1b2a4d43,57fd2b4cb3fcec0b1b2a4d43,0,57fd2b5bb3fcec0b1b2a4d6e,57fd2b5bb3fcec0b1b2a4d6e,57fd2b5bb3fcec0b1b2a4d6e,0,57fd2b6ab3fcec0b1b2a4da9,57fd2b6ab3fcec0b1b2a4da9,57fd2b6ab3fcec0b1b2a4da9,0,57fd2b76b3fcec0b1b2a4dde,57fd2b76b3fcec0b1b2a4dde,57fd2b76b3fcec0b1b2a4dde,0,57fd2b82b3fcec0b1b2a4e09,57fd2b82b3fcec0b1b2a4e09,57fd2b82b3fcec0b1b2a4e09,0,57fd2b8eb3fcec0b1b2a4e34,57fd2b8eb3fcec0b1b2a4e34,57fd2b8eb3fcec0b1b2a4e34,0,,,,,,,,,,,,,,,,,,,,,,,,,,,
5803752757e4750ba80c3206.json,5803752757e4750ba80c3205,57ee0b25b3fcec154609ec20,57ee0ad0b3fcec154609eab7,57ee0ad0b3fcec154609eab7,57ee0ad0b3fcec154609eab7,0,57ee0ad6b3fcec154609eadc,57ee0ad6b3fcec154609eadc,57ee0ad6b3fcec154609eadc,0,57ee0adcb3fcec154609eaf7,57ee0adcb3fcec154609eaf7,57ee0adcb3fcec154609eaf7,0,57ee0ae3b3fcec154609eb12,57ee0ae3b3fcec154609eb12,57ee0ae3b3fcec154609eb12,0,57ee0ae8b3fcec154609eb29,57ee0ae8b3fcec154609eb29,57ee0ae8b3fcec154609eb29,0,57ee0af0b3fcec154609eb4d,57ee0af0b3fcec154609eb4d,57ee0af0b3fcec154609eb4d,0,57ee0af6b3fcec154609eb68,57ee0af6b3fcec154609eb68,57ee0af6b3fcec154609eb68,0,57ee0afbb3fcec154609eb7f,57ee0afbb3fcec154609eb7f,57ee0afbb3fcec154609eb7f,0,57ee0b01b3fcec154609eb9a,57ee0b01b3fcec154609eb9a,57ee0b01b3fcec154609eb9a,0,57ee0b07b3fcec154609ebb5,57ee0b07b3fcec154609ebb5,57ee0b07b3fcec154609ebb5,0,57ee0b0db3fcec154609ebca,57ee0b0db3fcec154609ebca,57ee0b0db3fcec154609ebca,0,57ee0b13b3fcec154609ebe1,57ee0b13b3fcec154609ebe1,57ee0b13b3fcec154609ebe1,0,57ee0b19b3fcec154609ebf6,57ee0b19b3fcec154609ebf6,57ee0b19b3fcec154609ebf6,0,57ee0b1fb3fcec154609ec0b,57ee0b1fb3fcec154609ec0b,57ee0b1fb3fcec154609ec0b,0,57ee0b25b3fcec154609ec1c,57ee0b25b3fcec154609ec1c,57ee0b25b3fcec154609ec1c,0,,,
5804a7b757e47503a48cd698.json,5804a7b657e47503a48cd697,57f53adab3fcec3154d6ba99,57f53acdb3fcec3154d6ba44,57f53acdb3fcec3154d6ba44,57f53acdb3fcec3154d6ba44,0,57f53a77b3fcec3154d6b91d,57f53a77b3fcec3154d6b91d,57f53a77b3fcec3154d6b91d,0,57f53ab4b3fcec3154d6b9ce,57f53ab4b3fcec3154d6b9ce,57f53ab4b3fcec3154d6b9ce,0,57f53a6bb3fcec3154d6b8e2,57f53a6bb3fcec3154d6b8e2,57f53a6bb3fcec3154d6b8e2,0,57f53a94b3fcec3154d6b958,57f53a94b3fcec3154d6b958,57f53a94b3fcec3154d6b958,0,57f53ac0b3fcec3154d6ba09,57f53ac0b3fcec3154d6ba09,57f53ac0b3fcec3154d6ba09,0,57f53aa4b3fcec3154d6b993,57f53aa4b3fcec3154d6b993,57f53aa4b3fcec3154d6b993,0,57f53ad9b3fcec3154d6ba7f,57f53ad9b3fcec3154d6ba7f,57f53ad9b3fcec3154d6ba7f,0,,,,,,,,,,,,,,,,,,,,,,,,,,,,,,,
58021ff457e47513fc9e88df.json,58021ff357e47513fc9e88de,57ea25b3b3fcec1309c4ee3a,57ea25b3b3fcec1309c4ee35,57ea25b3b3fcec1309c4ee35,57ea25b3b3fcec1309c4ee35,0,,,,,,,,,,,,,,,,,,,,,,,,,,,,,,,,,,,,,,,,,,,,,,,,,,,,,,,,,,,
58035229ebff700d90b88f1f.json,58035229ebff700d90b88f1e,57ea257fb3fcec1309c4edfc,57ea257fb3fcec1309c4edf8,57ea257fb3fcec1309c4edf8,57ea257fb3fcec1309c4edf8,0,,,,,,,,,,,,,,,,,,,,,,,,,,,,,,,,,,,,,,,,,,,,,,,,,,,,,,,,,,,
580373ce57e4750ba80c31f9.json,580373ce57e4750ba80c31f8,57ea291ab3fcec1309c4ef82,57ea291ab3fcec1309c4ef7f,57ea291ab3fcec1309c4ef7f,57ea291ab3fcec1309c4ef7f,0,,,,,,,,,,,,,,,,,,,,,,,,,,,,,,,,,,,,,,,,,,,,,,,,,,,,,,,,,,,
58034fb9ebff700d90b88f15.json,58034fb8ebff700d90b88f14,57ea25b3b3fcec1309c4ee3a,57ea25b3b3fcec1309c4ee35,57ea25b3b3fcec1309c4ee35,57ea25b3b3fcec1309c4ee35,0,,,,,,,,,,,,,,,,,,,,,,,,,,,,,,,,,,,,,,,,,,,,,,,,,,,,,,,,,,,
5802225f57e47513fc9e892c.json,5802225e57e47513fc9e892b,57ee5efeb3fcec154609f167,57ee5efeb3fcec154609f163,57ee5efeb3fcec154609f163,57ee5efeb3fcec154609f163,0,,,,,,,,,,,,,,,,,,,,,,,,,,,,,,,,,,,,,,,,,,,,,,,,,,,,,,,,,,,
58035745ebff700d90b88f41.json,58035744ebff700d90b88f40,58012ba6b3fcec148d8e4b8d,58012b61b3fcec148d8e4b04,58012b61b3fcec148d8e4b04,58035745ebff700d90b88f42,False,58012b6bb3fcec148d8e4b17,58012b6bb3fcec148d8e4b17,58012b6bb3fcec148d8e4b17,0,58012b73b3fcec148d8e4b2a,58012b73b3fcec148d8e4b2a,58012b73b3fcec148d8e4b2a,0,58012b7eb3fcec148d8e4b3d,58012b7eb3fcec148d8e4b3d,58012b7eb3fcec148d8e4b3d,0,58012b89b3fcec148d8e4b50,58012b89b3fcec148d8e4b50,58012b89b3fcec148d8e4b50,0,58012b91b3fcec148d8e4b63,58012b91b3fcec148d8e4b63,58012b91b3fcec148d8e4b63,0,58012b9bb3fcec148d8e4b76,58012b9bb3fcec148d8e4b76,58012b9bb3fcec148d8e4b76,0,58012ba6b3fcec148d8e4b89,58012ba6b3fcec148d8e4b89,58012ba6b3fcec148d8e4b89,0,,,,,,,,,,,,,,,,,,,,,,,,,,,,,,,
5804a79357e47503a48cd68d.json,5804a79257e47503a48cd68c,57ee4bdcb3fcec154609ef8b,57ee4b71b3fcec154609edef,57ee4b71b3fcec154609edef,57ee4b71b3fcec154609edef,0,57ee4b7bb3fcec154609ee1c,57ee4b7bb3fcec154609ee1c,57ee4b7bb3fcec154609ee1c,0,57ee4b87b3fcec154609ee49,57ee4b87b3fcec154609ee49,57ee4b87b3fcec154609ee49,0,57ee4b94b3fcec154609ee76,57ee4b94b3fcec154609ee76,57ee4b94b3fcec154609ee76,0,57ee4b9fb3fcec154609eea3,57ee4b9fb3fcec154609eea3,57ee4b9fb3fcec154609eea3,0,57ee4babb3fcec154609eed0,57ee4babb3fcec154609eed0,57ee4babb3fcec154609eed0,0,,,,,,,,,,,,,,,,,,,,,,,,,,,,,,,,,,,,,,,
58022d5457e47513fc9e8948.json,58022d5457e47513fc9e8947,57ee0b25b3fcec154609ec20,57ee0ad0b3fcec154609eab7,57ee0ad0b3fcec154609eab7,57ee0ad0b3fcec154609eab7,0,57ee0ad6b3fcec154609eadc,57ee0ad6b3fcec154609eadc,57ee0ad6b3fcec154609eadc,0,57ee0adcb3fcec154609eaf7,57ee0adcb3fcec154609eaf7,57ee0adcb3fcec154609eaf7,0,57ee0ae3b3fcec154609eb12,57ee0ae3b3fcec154609eb12,57ee0ae3b3fcec154609eb12,0,57ee0ae8b3fcec154609eb29,57ee0ae8b3fcec154609eb29,57ee0ae8b3fcec154609eb29,0,57ee0af0b3fcec154609eb4d,57ee0af0b3fcec154609eb4d,57ee0af0b3fcec154609eb4d,0,57ee0af6b3fcec154609eb68,57ee0af6b3fcec154609eb68,57ee0af6b3fcec154609eb68,0,57ee0afbb3fcec154609eb7f,57ee0afbb3fcec154609eb7f,57ee0afbb3fcec154609eb7f,0,57ee0b01b3fcec154609eb9a,57ee0b01b3fcec154609eb9a,57ee0b01b3fcec154609eb9a,0,57ee0b07b3fcec154609ebb5,57ee0b07b3fcec154609ebb5,57ee0b07b3fcec154609ebb5,0,57ee0b0db3fcec154609ebca,57ee0b0db3fcec154609ebca,57ee0b0db3fcec154609ebca,0,57ee0b13b3fcec154609ebe1,57ee0b13b3fcec154609ebe1,57ee0b13b3fcec154609ebe1,0,57ee0b19b3fcec154609ebf6,57ee0b19b3fcec154609ebf6,57ee0b19b3fcec154609ebf6,0,57ee0b1fb3fcec154609ec0b,57ee0b1fb3fcec154609ec0b,57ee0b1fb3fcec154609ec0b,0,57ee0b25b3fcec154609ec1c,57ee0b25b3fcec154609ec1c,57ee0b25b3fcec154609ec1c,0,,,
5803738957e4750ba80c31f0.json,5803738957e4750ba80c31ef,57ee4bdcb3fcec154609ef8b,57ee4b71b3fcec154609edef,57ee4b71b3fcec154609edef,57ee4b71b3fcec154609edef,0,57ee4b7bb3fcec154609ee1c,57ee4b7bb3fcec154609ee1c,57ee4b7bb3fcec154609ee1c,0,57ee4b87b3fcec154609ee49,57ee4b87b3fcec154609ee49,57ee4b87b3fcec154609ee49,0,57ee4b94b3fcec154609ee76,57ee4b94b3fcec154609ee76,57ee4b94b3fcec154609ee76,0,57ee4b9fb3fcec154609eea3,57ee4b9fb3fcec154609eea3,57ee4b9fb3fcec154609eea3,0,57ee4babb3fcec154609eed0,57ee4babb3fcec154609eed0,57ee4babb3fcec154609eed0,0,,,,,,,,,,,,,,,,,,,,,,,,,,,,,,,,,,,,,,,
5803541cebff700d90b88f25.json,5803541cebff700d90b88f24,57ee0b25b3fcec154609ec20,57ee0ad0b3fcec154609eab7,57ee0ad0b3fcec154609eab7,5803541debff700d90b88f26,id887a3e44-4e4a-419d-88de-b96b19c922ad,57ee0ad6b3fcec154609eadc,57ee0ad6b3fcec154609eadc,5803541debff700d90b88f27,id6303dced-36a9-41c2-b323-f3504e57d6c9,57ee0adcb3fcec154609eaf7,57ee0adcb3fcec154609eaf7,5803541debff700d90b88f28,id1307e717-d861-4e62-bf5d-cb48a80a3bf1,57ee0ae3b3fcec154609eb12,57ee0ae3b3fcec154609eb12,57ee0ae3b3fcec154609eb12,0,57ee0ae8b3fcec154609eb29,57ee0ae8b3fcec154609eb29,57ee0ae8b3fcec154609eb29,0,57ee0af0b3fcec154609eb4d,57ee0af0b3fcec154609eb4d,57ee0af0b3fcec154609eb4d,0,57ee0af6b3fcec154609eb68,57ee0af6b3fcec154609eb68,57ee0af6b3fcec154609eb68,0,57ee0afbb3fcec154609eb7f,57ee0afbb3fcec154609eb7f,57ee0afbb3fcec154609eb7f,0,57ee0b01b3fcec154609eb9a,57ee0b01b3fcec154609eb9a,57ee0b01b3fcec154609eb9a,0,57ee0b07b3fcec154609ebb5,57ee0b07b3fcec154609ebb5,57ee0b07b3fcec154609ebb5,0,57ee0b0db3fcec154609ebca,57ee0b0db3fcec154609ebca,57ee0b0db3fcec154609ebca,0,57ee0b13b3fcec154609ebe1,57ee0b13b3fcec154609ebe1,57ee0b13b3fcec154609ebe1,0,57ee0b19b3fcec154609ebf6,57ee0b19b3fcec154609ebf6,57ee0b19b3fcec154609ebf6,0,57ee0b1fb3fcec154609ec0b,57ee0b1fb3fcec154609ec0b,57ee0b1fb3fcec154609ec0b,0,57ee0b25b3fcec154609ec1c,57ee0b25b3fcec154609ec1c,57ee0b25b3fcec154609ec1c,0,,,
5804a77e57e47503a48cd68a.json,5804a77e57e47503a48cd689,57ea25b3b3fcec1309c4ee38,57ea25b0b3fcec1309c4ee25,57ea25b0b3fcec1309c4ee25,57ea25b0b3fcec1309c4ee25,0,,,,,,,,,,,,,,,,,,,,,,,,,,,,,,,,,,,,,,,,,,,,,,,,,,,,,,,,,,,
5804a7c357e47503a48cd6a2.json,5804a7c257e47503a48cd6a1,57f5313cb3fcec3154d6b8a9,57f530e2b3fcec3154d6b721,57f530e2b3fcec3154d6b721,57f530e2b3fcec3154d6b721,0,57f530fdb3fcec3154d6b79b,57f530fdb3fcec3154d6b79b,57f530fdb3fcec3154d6b79b,0,57f5311cb3fcec3154d6b815,57f5311cb3fcec3154d6b815,57f5311cb3fcec3154d6b815,0,57f530f2b3fcec3154d6b75e,57f530f2b3fcec3154d6b75e,57f530f2b3fcec3154d6b75e,0,57f530d7b3fcec3154d6b6e4,57f530d7b3fcec3154d6b6e4,57f530d7b3fcec3154d6b6e4,0,57f5313bb3fcec3154d6b88f,57f5313bb3fcec3154d6b88f,57f5313bb3fcec3154d6b88f,0,57f5310eb3fcec3154d6b7d8,57f5310eb3fcec3154d6b7d8,57f5310eb3fcec3154d6b7d8,0,57f53129b3fcec3154d6b852,57f53129b3fcec3154d6b852,57f53129b3fcec3154d6b852,0,,,,,,,,,,,,,,,,,,,,,,,,,,,,,,,
5804a89257e47503a48cd6f4.json,5804a89057e47503a48cd6f3,57ee5efeb3fcec154609f167,57ee5efeb3fcec154609f163,57ee5efeb3fcec154609f163,57ee5efeb3fcec154609f163,0,,,,,,,,,,,,,,,,,,,,,,,,,,,,,,,,,,,,,,,,,,,,,,,,,,,,,,,,,,,
5804a71e57e47503a48cd677.json,5804a71e57e47503a48cd676,57fcd340b3fcec7e0a202a03,57fcd26bb3fcec7e0a202950,57fcd26bb3fcec7e0a202950,57fcd26bb3fcec7e0a202950,0,57fcd2adb3fcec7e0a202987,57fcd2adb3fcec7e0a202987,57fcd2adb3fcec7e0a202987,0,57fcd2f4b3fcec7e0a2029be,57fcd2f4b3fcec7e0a2029be,57fcd2f4b3fcec7e0a2029be,0,57fcd33db3fcec7e0a2029f5,57fcd33db3fcec7e0a2029f5,57fcd33db3fcec7e0a2029f5,0,,,,,,,,,,,,,,,,,,,,,,,,,,,,,,,,,,,,,,,,,,,,,,,
5802396c57e4750594967c7e.json,5802396b57e4750594967c7d,57ee5efeb3fcec154609f167,57ee5efeb3fcec154609f163,57ee5efeb3fcec154609f163,57ee5efeb3fcec154609f163,0,,,,,,,,,,,,,,,,,,,,,,,,,,,,,,,,,,,,,,,,,,,,,,,,,,,,,,,,,,,
5804a7d357e47503a48cd6ae.json,5804a7d357e47503a48cd6ad,57fbd4acb3fcec7e0a20280c,57fbd405b3fcec7e0a202667,57fbd405b3fcec7e0a202667,5804a7d457e47503a48cd6af,id2a164a89-f981-42f5-8624-9045781cf03f,5804a7d457e47503a48cd6af,idfdcf3381-ddbe-438c-b18f-30e7495ed8ea,5804a7d457e47503a48cd6af,idbb4ed92d-5035-4569-bd3d-3687fa1bb767,57fbd417b3fcec7e0a2026a0,57fbd417b3fcec7e0a2026a0,5804a7d457e47503a48cd6b0,id6e9095fe-fa57-4391-9623-09b6b1dd1ca3,57fbd42cb3fcec7e0a2026d9,57fbd42cb3fcec7e0a2026d9,57fbd42cb3fcec7e0a2026d9,0,57fbd442b3fcec7e0a202712,57fbd442b3fcec7e0a202712%25253F%25255B%252522id33b2a7a0-0462-4da9-88d6-d4ebf227243b%252522%25252C%252520%252522idbd20d396-d43d-40d9-9976-e562bd948f1b%252522%25252C%252520%252522id2e0ae837-0c99-4a3a-a31b-e910b9961efa%252522%25252C%252520%252522idf5723fd7-ff71-4e00-829b-0cddfa77fe39%252522%25255D,57fbd442b3fcec7e0a202712%25253F%25255B%252522id33b2a7a0-0462-4da9-88d6-d4ebf227243b%252522%25252C%252520%252522idbd20d396-d43d-40d9-9976-e562bd948f1b%252522%25252C%252520%252522id2e0ae837-0c99-4a3a-a31b-e910b9961efa%252522%25252C%252520%252522idf5723fd7-ff71-4e00-829b-0cddfa77fe39%252522%25255D,0,57fbd461b3fcec7e0a202747,57fbd461b3fcec7e0a202747,57fbd461b3fcec7e0a202747,0,57fbd47eb3fcec7e0a202780,57fbd47eb3fcec7e0a202780,57fbd47eb3fcec7e0a202780,0,57fbd49ab3fcec7e0a2027b9,57fbd49ab3fcec7e0a2027b9,57fbd49ab3fcec7e0a2027b9,0,57fbd4abb3fcec7e0a2027f2,57fbd4abb3fcec7e0a2027f2,57fbd4abb3fcec7e0a2027f2,0,57ff2f57b3fcec148d8e3aaa,57ff2f57b3fcec148d8e3aaa,57ff2f57b3fcec148d8e3aaa,0,,,,,,,,,,,,,,,,,,,,,,,
5804f34257e4750da00fd7c6.json,5804f34157e4750da00fd7c5,57ee5efeb3fcec154609f167,57ee5efeb3fcec154609f163,57ee5efeb3fcec154609f163,57ee5efeb3fcec154609f163,0,,,,,,,,,,,,,,,,,,,,,,,,,,,,,,,,,,,,,,,,,,,,,,,,,,,,,,,,,,,
5802394c57e4750594967c63.json,5802394c57e4750594967c62,57ee0b25b3fcec154609ec20,57ee0ad0b3fcec154609eab7,57ee0ad0b3fcec154609eab7,57ee0ad0b3fcec154609eab7,0,57ee0ad6b3fcec154609eadc,57ee0ad6b3fcec154609eadc,57ee0ad6b3fcec154609eadc,0,57ee0adcb3fcec154609eaf7,57ee0adcb3fcec154609eaf7,57ee0adcb3fcec154609eaf7,0,57ee0ae3b3fcec154609eb12,57ee0ae3b3fcec154609eb12,57ee0ae3b3fcec154609eb12,0,57ee0ae8b3fcec154609eb29,57ee0ae8b3fcec154609eb29,57ee0ae8b3fcec154609eb29,0,57ee0af0b3fcec154609eb4d,57ee0af0b3fcec154609eb4d,57ee0af0b3fcec154609eb4d,0,57ee0af6b3fcec154609eb68,57ee0af6b3fcec154609eb68,57ee0af6b3fcec154609eb68,0,57ee0afbb3fcec154609eb7f,57ee0afbb3fcec154609eb7f,57ee0afbb3fcec154609eb7f,0,57ee0b01b3fcec154609eb9a,57ee0b01b3fcec154609eb9a,57ee0b01b3fcec154609eb9a,0,57ee0b07b3fcec154609ebb5,57ee0b07b3fcec154609ebb5,57ee0b07b3fcec154609ebb5,0,57ee0b0db3fcec154609ebca,57ee0b0db3fcec154609ebca,57ee0b0db3fcec154609ebca,0,57ee0b13b3fcec154609ebe1,57ee0b13b3fcec154609ebe1,57ee0b13b3fcec154609ebe1,0,57ee0b19b3fcec154609ebf6,57ee0b19b3fcec154609ebf6,57ee0b19b3fcec154609ebf6,0,57ee0b1fb3fcec154609ec0b,57ee0b1fb3fcec154609ec0b,57ee0b1fb3fcec154609ec0b,0,57ee0b25b3fcec154609ec1c,57ee0b25b3fcec154609ec1c,57ee0b25b3fcec154609ec1c,0,,,
5804a79b57e47503a48cd695.json,5804a79a57e47503a48cd694,57ea291ab3fcec1309c4ef82,57ea291ab3fcec1309c4ef7f,57ea291ab3fcec1309c4ef7f,57ea291ab3fcec1309c4ef7f,0,,,,,,,,,,,,,,,,,,,,,,,,,,,,,,,,,,,,,,,,,,,,,,,,,,,,,,,,,,,
58022d7957e47513fc9e8959.json,58022d7757e47513fc9e8958,57ee5efeb3fcec154609f167,57ee5efeb3fcec154609f163,57ee5efeb3fcec154609f163,57ee5efeb3fcec154609f163,0,,,,,,,,,,,,,,,,,,,,,,,,,,,,,,,,,,,,,,,,,,,,,,,,,,,,,,,,,,,
5804a82d57e47503a48cd6db.json,5804a82b57e47503a48cd6da,57ffe99ab3fcec148d8e4a20,57ffe999b3fcec148d8e4a1c,57ffe999b3fcec148d8e4a1c,57ffe999b3fcec148d8e4a1c,0,,,,,,,,,,,,,,,,,,,,,,,,,,,,,,,,,,,,,,,,,,,,,,,,,,,,,,,,,,,
5804774157e4751918a3fe70.json,5804774057e4751918a3fe6f,57fcd340b3fcec7e0a202a03,57fcd26bb3fcec7e0a202950,57fcd26bb3fcec7e0a202950,57fcd26bb3fcec7e0a202950,0,57fcd2adb3fcec7e0a202987,57fcd2adb3fcec7e0a202987,57fcd2adb3fcec7e0a202987,0,57fcd2f4b3fcec7e0a2029be,57fcd2f4b3fcec7e0a2029be,57fcd2f4b3fcec7e0a2029be,0,57fcd33db3fcec7e0a2029f5,57fcd33db3fcec7e0a2029f5,57fcd33db3fcec7e0a2029f5,0,,,,,,,,,,,,,,,,,,,,,,,,,,,,,,,,,,,,,,,,,,,,,,,
5804a8c157e47503a48cd6f7.json,5804a8c057e47503a48cd6f6,58012ba6b3fcec148d8e4b8d,58012b61b3fcec148d8e4b04,58012b61b3fcec148d8e4b04,58012b61b3fcec148d8e4b04,0,58012b6bb3fcec148d8e4b17,58012b6bb3fcec148d8e4b17,58012b6bb3fcec148d8e4b17,0,58012b73b3fcec148d8e4b2a,58012b73b3fcec148d8e4b2a,58012b73b3fcec148d8e4b2a,0,58012b7eb3fcec148d8e4b3d,58012b7eb3fcec148d8e4b3d,58012b7eb3fcec148d8e4b3d,0,58012b89b3fcec148d8e4b50,58012b89b3fcec148d8e4b50,58012b89b3fcec148d8e4b50,0,58012b91b3fcec148d8e4b63,58012b91b3fcec148d8e4b63,58012b91b3fcec148d8e4b63,0,58012b9bb3fcec148d8e4b76,58012b9bb3fcec148d8e4b76,58012b9bb3fcec148d8e4b76,0,58012ba6b3fcec148d8e4b89,58012ba6b3fcec148d8e4b89,58012ba6b3fcec148d8e4b89,0,,,,,,,,,,,,,,,,,,,,,,,,,,,,,,,
5804a75557e47503a48cd687.json,5804a75457e47503a48cd686,57ee513ab3fcec154609f11e,57ee513ab3fcec154609f11a,57ee513ab3fcec154609f11a,57ee513ab3fcec154609f11a,0,,,,,,,,,,,,,,,,,,,,,,,,,,,,,,,,,,,,,,,,,,,,,,,,,,,,,,,,,,,
5802395b57e4750594967c74.json,5802395a57e4750594967c73,58012ba6b3fcec148d8e4b8d,58012b61b3fcec148d8e4b04,58012b61b3fcec148d8e4b04,58012b61b3fcec148d8e4b04,0,58012b6bb3fcec148d8e4b17,58012b6bb3fcec148d8e4b17,58012b6bb3fcec148d8e4b17,0,58012b73b3fcec148d8e4b2a,58012b73b3fcec148d8e4b2a,58012b73b3fcec148d8e4b2a,0,58012b7eb3fcec148d8e4b3d,58012b7eb3fcec148d8e4b3d,58012b7eb3fcec148d8e4b3d,0,58012b89b3fcec148d8e4b50,58012b89b3fcec148d8e4b50,58012b89b3fcec148d8e4b50,0,58012b91b3fcec148d8e4b63,58012b91b3fcec148d8e4b63,58012b91b3fcec148d8e4b63,0,58012b9bb3fcec148d8e4b76,58012b9bb3fcec148d8e4b76,58012b9bb3fcec148d8e4b76,0,58012ba6b3fcec148d8e4b89,58012ba6b3fcec148d8e4b89,58012ba6b3fcec148d8e4b89,0,,,,,,,,,,,,,,,,,,,,,,,,,,,,,,,
58035085ebff700d90b88f18.json,58035084ebff700d90b88f17,57e62e36b3fcec5f10d00e11,57e62dd7b3fcec5f10d00d83,57e62dd7b3fcec5f10d00d83,57e62dd7b3fcec5f10d00d83,0,57e62df3b3fcec5f10d00da1,57e62df3b3fcec5f10d00da1,57e62df3b3fcec5f10d00da1,0,57e62e07b3fcec5f10d00dbf,57e62e07b3fcec5f10d00dbf,57e62e07b3fcec5f10d00dbf,0,57e62e1eb3fcec5f10d00ddd,57e62e1eb3fcec5f10d00ddd,57e62e1eb3fcec5f10d00ddd,0,57e62e34b3fcec5f10d00dfb,57e62e34b3fcec5f10d00dfb,57e62e34b3fcec5f10d00dfb,0,,,,,,,,,,,,,,,,,,,,,,,,,,,,,,,,,,,,,,,,,,,
5804a74d57e47503a48cd67e.json,5804a74c57e47503a48cd67d,57ff8039b3fcec148d8e3f33,57ff7ffbb3fcec148d8e3e1b,57ff7ffbb3fcec148d8e3e1b,57ff7ffbb3fcec148d8e3e1b,0,57ff8008b3fcec148d8e3e4e,57ff8008b3fcec148d8e3e4e,57ff8008b3fcec148d8e3e4e,0,57ff8015b3fcec148d8e3e81,57ff8015b3fcec148d8e3e81,57ff8015b3fcec148d8e3e81,0,57ff8020b3fcec148d8e3eb4,57ff8020b3fcec148d8e3eb4,57ff8020b3fcec148d8e3eb4,0,57ff802cb3fcec148d8e3ef6,57ff802cb3fcec148d8e3ef6,57ff802cb3fcec148d8e3ef6,0,57ff8039b3fcec148d8e3f29,57ff8039b3fcec148d8e3f29,57ff8039b3fcec148d8e3f29,0,,,,,,,,,,,,,,,,,,,,,,,,,,,,,,,,,,,,,,,
5802202057e47513fc9e88e3.json,5802201f57e47513fc9e88e2,58012ba6b3fcec148d8e4b8d,58012b61b3fcec148d8e4b04,58012b61b3fcec148d8e4b04,5802202057e47513fc9e88e4,dfvHDLkv,58012b6bb3fcec148d8e4b17,58012b6bb3fcec148d8e4b17,5802202057e47513fc9e88e5,hkfdygkh,58012b73b3fcec148d8e4b2a,58012b73b3fcec148d8e4b2a,5802202057e47513fc9e88e6,gf,58012b7eb3fcec148d8e4b3d,58012b7eb3fcec148d8e4b3d,5802202057e47513fc9e88e7,sthysrty,58012b89b3fcec148d8e4b50,58012b89b3fcec148d8e4b50,5802202057e47513fc9e88e8,thystr,58012b91b3fcec148d8e4b63,58012b91b3fcec148d8e4b63,5802202057e47513fc9e88e9,eryj,58012b9bb3fcec148d8e4b76,58012b9bb3fcec148d8e4b76,5802202057e47513fc9e88ea,trtyhsty,58012ba6b3fcec148d8e4b89,58012ba6b3fcec148d8e4b89,5802202057e47513fc9e88eb,sdfhsg,5802202057e47513fc9e88eb,sdfhsg,,,,,,,,,,,,,,,,,,,,,,,,,,,,,
5804f32757e4750da00fd7b5.json,5804f32757e4750da00fd7b4,57ee0b25b3fcec154609ec20,57ee0ad0b3fcec154609eab7,57ee0ad0b3fcec154609eab7,57ee0ad0b3fcec154609eab7,0,57ee0ad6b3fcec154609eadc,57ee0ad6b3fcec154609eadc,57ee0ad6b3fcec154609eadc,0,57ee0adcb3fcec154609eaf7,57ee0adcb3fcec154609eaf7,57ee0adcb3fcec154609eaf7,0,57ee0ae3b3fcec154609eb12,57ee0ae3b3fcec154609eb12,57ee0ae3b3fcec154609eb12,0,57ee0ae8b3fcec154609eb29,57ee0ae8b3fcec154609eb29,57ee0ae8b3fcec154609eb29,0,57ee0af0b3fcec154609eb4d,57ee0af0b3fcec154609eb4d,57ee0af0b3fcec154609eb4d,0,57ee0af6b3fcec154609eb68,57ee0af6b3fcec154609eb68,57ee0af6b3fcec154609eb68,0,57ee0afbb3fcec154609eb7f,57ee0afbb3fcec154609eb7f,57ee0afbb3fcec154609eb7f,0,57ee0b01b3fcec154609eb9a,57ee0b01b3fcec154609eb9a,57ee0b01b3fcec154609eb9a,0,57ee0b07b3fcec154609ebb5,57ee0b07b3fcec154609ebb5,57ee0b07b3fcec154609ebb5,0,57ee0b0db3fcec154609ebca,57ee0b0db3fcec154609ebca,57ee0b0db3fcec154609ebca,0,57ee0b13b3fcec154609ebe1,57ee0b13b3fcec154609ebe1,57ee0b13b3fcec154609ebe1,0,57ee0b19b3fcec154609ebf6,57ee0b19b3fcec154609ebf6,57ee0b19b3fcec154609ebf6,0,57ee0b1fb3fcec154609ec0b,57ee0b1fb3fcec154609ec0b,57ee0b1fb3fcec154609ec0b,0,57ee0b25b3fcec154609ec1c,57ee0b25b3fcec154609ec1c,57ee0b25b3fcec154609ec1c,0,,,
580236bc57e4750594967c60.json,580236bb57e4750594967c5f,57ee5efeb3fcec154609f167,57ee5efeb3fcec154609f163,57ee5efeb3fcec154609f163,57ee5efeb3fcec154609f163,0,,,,,,,,,,,,,,,,,,,,,,,,,,,,,,,,,,,,,,,,,,,,,,,,,,,,,,,,,,,
580354fcebff700d90b88f3e.json,580354fbebff700d90b88f3d,57ee5efeb3fcec154609f167,57ee5efeb3fcec154609f163,57ee5efeb3fcec154609f163,57ee5efeb3fcec154609f163,0,,,,,,,,,,,,,,,,,,,,,,,,,,,,,,,,,,,,,,,,,,,,,,,,,,,,,,,,,,,
5803751157e4750ba80c31fc.json,5803751057e4750ba80c31fb,58012ba6b3fcec148d8e4b8d,58012b61b3fcec148d8e4b04,58012b61b3fcec148d8e4b04,58012b61b3fcec148d8e4b04,0,58012b6bb3fcec148d8e4b17,58012b6bb3fcec148d8e4b17,58012b6bb3fcec148d8e4b17,0,58012b73b3fcec148d8e4b2a,58012b73b3fcec148d8e4b2a,58012b73b3fcec148d8e4b2a,0,58012b7eb3fcec148d8e4b3d,58012b7eb3fcec148d8e4b3d,58012b7eb3fcec148d8e4b3d,0,58012b89b3fcec148d8e4b50,58012b89b3fcec148d8e4b50,58012b89b3fcec148d8e4b50,0,58012b91b3fcec148d8e4b63,58012b91b3fcec148d8e4b63,58012b91b3fcec148d8e4b63,0,58012b9bb3fcec148d8e4b76,58012b9bb3fcec148d8e4b76,58012b9bb3fcec148d8e4b76,0,58012ba6b3fcec148d8e4b89,58012ba6b3fcec148d8e4b89,58012ba6b3fcec148d8e4b89,0,,,,,,,,,,,,,,,,,,,,,,,,,,,,,,,
58035252ebff700d90b88f22.json,58035251ebff700d90b88f21,57ea291ab3fcec1309c4ef82,57ea291ab3fcec1309c4ef7f,57ea291ab3fcec1309c4ef7f,57ea291ab3fcec1309c4ef7f,0,,,,,,,,,,,,,,,,,,,,,,,,,,,,,,,,,,,,,,,,,,,,,,,,,,,,,,,,,,,
5804a80957e47503a48cd6cb.json,5804a80857e47503a48cd6ca,57e8f376b3fcec1309c4dcba,57e8f376b3fcec1309c4dcb5,57e8f376b3fcec1309c4dcb5,57e8f376b3fcec1309c4dcb5,0,,,,,,,,,,,,,,,,,,,,,,,,,,,,,,,,,,,,,,,,,,,,,,,,,,,,,,,,,,,
